"","continent","location","date","total_vaccinations","population_density","human_development_index","gdp_per_capita","total_cases","total_deaths","life_expectancy","aged_65_older","gdp","popdens","hdi","vaccine","cases","deaths","lifeexp","aged65older"
"1","Asia","Afghanistan","2021-05-19",0,54.422,0.511,1803.987,64122,2762,-0.271685178609845,-0.798071943513612,-0.791303533268912,-0.178105825350202,-0.708927771374935,-0.155065414483776,-0.235385713605391,-0.237966651574339,-0.713336673504923,-0.852280800436318
"2","Europe","Albania","2021-05-19",0,104.871,0.795,11803.431,132095,2438,0.519713378639796,0.853745432904243,-0.30320972068207,-0.15435052132661,0.519030164799145,-0.155065414483776,-0.214571985134668,-0.24328436248809,0.591483964705253,0.812236071320709
"3","Africa","Algeria","2021-05-19",0,17.348,0.748,13913.839,125896,3395,0.422372508061056,-0.232775716833418,-0.200196284451638,-0.195563141478781,0.315811773953435,-0.155065414483776,-0.216470155037277,-0.227577420066919,0.43099292550764,-0.282638465706611
"4","Europe","Andorra","2021-05-19",0,163.755,0.868,0,13569,127,0.816919823720448,-1.20000846171239,-0.87935991847264,-0.126623364750162,0.834667239942483,-0.155065414483776,-0.250865336623066,-0.281214084468576,1.0815039423737,-1.25730748526755
"5","Africa","Angola","2021-05-19",0,23.89,0.581,5819.495,31438,696,-0.48364636424876,-0.825480245413258,-0.595298174451666,-0.19248266022202,-0.406262082881324,-0.155065414483776,-0.245393744755069,-0.271875264993502,-1.06280828548552,-0.879899822726244
"6","North America","Antigua and Barbuda","2021-05-19",0,231.845,0.778,21490.943,1252,42,0.430436248819058,-0.120339387449644,0.169658037421359,-0.0945613089915459,0.445525640450697,-0.155065414483776,-0.254636873756544,-0.282609162949036,0.444288041180815,-0.169337703812713
"7","South America","Argentina","2021-05-19",10383925,16.177,0.845,18933.907,3411160,72265,0.410276896924053,0.543844746652567,0.0448437527309497,-0.196114539147944,0.735219942294582,0.105545318165425,0.789496814945521,0.902764402865193,0.411050251997878,0.499952807928941
"8","Asia","Armenia","2021-05-19",0,102.931,0.776,8787.58,221368,4357,0.319271822655171,0.549139532246816,-0.450419726836796,-0.155264023869886,0.436878049350879,-0.155065414483776,-0.187236072614008,-0.211788414205721,0.261005375114903,0.505288300871312
"9","North America","Aruba","2021-05-19",96007,584.8,0,35973.781,0,0,0.388389600580904,0.837705347133428,0.876595704805426,0.0716372941848711,-2.9183872973783,-0.152655877183627,-0.255020243448118,-0.283298495845263,0.374963509456404,0.796072666230582
"10","Oceania","Australia","2021-05-19",0,3.202,0.944,44648.71,29995,910,0.800216360721729,1.21441376926549,1.30003716510364,-0.202224176003107,1.16327570173555,-0.155065414483776,-0.245835599759016,-0.268362949760346,1.05396405990784,1.17567729645404
"11","Europe","Austria","2021-05-19",0,106.749,0.922,45436.686,639054,10508,0.690779879005986,1.79029956713418,1.33849992463976,-0.15346621319451,1.06815219963755,-0.155065414483776,-0.0593381868355027,-0.110833970284487,0.873530347200467,1.75599061706849
"12","Asia","Azerbaijan","2021-05-19",1863292,119.309,0.756,15847.419,331040,4814,0.198891692767853,-0.262831411530189,-0.105814193393209,-0.147551990543192,0.350402138352705,-0.10830141211864,-0.153653867490781,-0.204287815787252,0.0625282911367902,-0.312925234467722
"13","North America","Bahamas","2021-05-19",0,39.497,0.814,27717.847,11321,221,0.251881989177581,0.200929514930863,0.473606268340225,-0.185133673524638,0.601182280247411,-0.155065414483776,-0.251553687315285,-0.279671291796069,0.149896194131941,0.154401176778854
"14","Asia","Bahrain","2021-05-19",1519373,1935.907,0.852,43290.705,206878,773,0.445987748852348,-0.830619302019441,1.23375009574638,0.707843315184373,0.765486511143943,-0.116932925015929,-0.191672995002909,-0.270611488017086,0.469928621407654,-0.885078389405605
"15","Asia","Bangladesh","2021-05-19",0,1265.036,0.632,3523.984,783737,12248,0.175276451976561,-0.406102080551064,-0.707346875941972,0.391945189044877,-0.185748509835978,-0.155065414483776,-0.015035409610287,-0.0822758931550855,0.023592595236778,-0.457297396437785
"16","North America","Barbados","2021-05-19",0,664.463,0.814,16978.068,3975,47,0.555424230568092,1.12845136785297,-0.0506248467547854,0.109148816403972,0.601182280247411,-0.155065414483776,-0.253803075297953,-0.282527099509009,0.650362334115028,1.089053999272
"17","Europe","Belarus","2021-05-19",0,46.858,0.823,17167.967,380089,2732,0.301992378173738,1.10462483267884,-0.0413554786862779,-0.181667543513782,0.64009644019659,-0.155065414483776,-0.138634778032312,-0.238459032214501,0.232515841529529,1.06504428103133
"18","Europe","Belgium","2021-05-19",0,375.564,0.931,42658.576,1038514,24768,0.695963712350415,1.69203457566443,1.20289455481263,-0.0268872512507249,1.10706635958673,-0.155065414483776,0.0629787915958588,0.123210960672561,0.882077207276078,1.65697014510859
"19","North America","Belize","2021-05-19",0,16.426,0.716,7824.362,12753,323,0.292200692967592,-0.599984670693445,-0.497436415561917,-0.195997290625637,0.177450316356355,-0.155065414483776,-0.251115200575402,-0.277997197619517,0.216371772497816,-0.652670593886404
"20","Africa","Benin","2021-05-19",0,99.11,0.545,2064.236,8025,101,-0.447935512320464,-0.694823624425742,-0.778600234302299,-0.157063247178062,-0.561918722678038,-0.155065414483776,-0.252562941710994,-0.281640814356717,-1.00392991607575,-0.748238688060066
"21","Asia","Bhutan","2021-05-19",482214,21.188,0.654,8708.597,1322,1,0.128621951876691,-0.439272355009158,-0.454275052552861,-0.193754971496212,-0.090625007737986,-0.142963040493816,-0.254615439348868,-0.283282083157257,-0.0533291454437348,-0.490722690459115
"22","South America","Bolivia","2021-05-19",0,10.202,0.718,6885.829,337441,13635,0.113070451843401,-0.156001325716797,-0.543248177716749,-0.198928032805717,0.186097907456173,-0.155065414483776,-0.151693844011736,-0.0595114948915914,-0.0789697256705719,-0.205273818042218
"23","Europe","Bosnia and Herzegovina","2021-05-19",0,68.496,0.78,11713.895,202847,9086,0.452323545162207,1.38026514155596,-0.307580160438898,-0.171478694013049,0.454173231550514,-0.155065414483776,-0.192907310679214,-0.13417281262817,0.480374783722291,1.34280376656069
"24","Africa","Botswana","2021-05-19",0,4.044,0.735,15807.374,50800,774,0.00248200716222862,-0.586280519743622,-0.10776887374594,-0.201827697064221,0.259602431804621,-0.155065414483776,-0.239464987591929,-0.270595075329081,-0.261302740616972,-0.638861082741442
"25","South America","Brazil","2021-05-19",55098913,25.04,0.765,14103.452,15812055,441691,0.364774359789611,0.131785844229483,-0.190940876642361,-0.191941150982448,0.389316298301883,1.22778048291096,4.58672308602292,6.96603808194924,0.33602781355639,0.0847259160019968
"26","Asia","Brunei","2021-05-19",0,81.347,0.838,71809.251,235,3,0.363622396824183,-0.485056677500612,2.62580007838274,-0.16542744598024,0.70495337344522,-0.155065414483776,-0.254948285079492,-0.283249257781246,0.334128511317366,-0.536859011784331
"27","Europe","Bulgaria","2021-05-19",1191397,65.18,0.816,18563.307,415687,17416,0.316967896724313,2.03931021905199,0.0267539902456873,-0.173040124133413,0.609829871347228,-0.12516430820209,-0.12773446311167,0.00254487845683777,0.257206770636853,2.00691571162298
"28","Africa","Burkina Faso","2021-05-19",0,70.151,0.452,1703.102,13407,165,-0.458879160492039,-0.824857329460993,-0.796227941494292,-0.170699391585666,-0.96403170881955,-0.155065414483776,-0.250914941966545,-0.280590402324371,-1.02197328734649,-0.8792721176742
"29","Africa","Burundi","2021-05-19",0,423.062,0.433,702.225,4382,6,-0.458879160492039,-0.801030794286869,-0.84508284491297,-0.00452150702363235,-1.04618382426782,-0.155065414483776,-0.25367844952761,-0.28320001971723,-1.02197328734649,-0.855262399433526
"30","Asia","Cambodia","2021-05-19",3503884,90.672,0.594,3645.07,23282,159,0.0157295812646602,-0.512932166364456,-0.701436414581231,-0.161036512363716,-0.35005274073251,-0.0671266267558396,-0.24789115945513,-0.280688878452404,-0.239460764868186,-0.564948812863289
"31","Africa","Cameroon","2021-05-19",0,50.885,0.563,3364.926,77429,1189,-0.590778920033646,-0.707126214482969,-0.715110830182072,-0.179771319420083,-0.484090402779681,-0.155065414483776,-0.231311032706212,-0.263783809806838,-1.23944339371485,-0.76063586283793
"32","North America","Canada","2021-05-19",19444593,4.037,0.929,44017.591,1350897,25050,0.742042230967571,1.44489267160342,1.26923092438605,-0.201830993207418,1.09841876848692,0.332945585961194,0.158632285495934,0.127839338690085,0.95804929683708,1.40792816571023
"33","Africa","Cape Verde","2021-05-19",0,135.58,0.665,6222.554,28699,253,0.197739729802424,-0.50545717493728,-0.575624020167943,-0.139890341119658,-0.0430632566889899,-0.155065414483776,-0.246232442506843,-0.279146085779896,0.0606289888977657,-0.557416352238764
"34","North America","Cayman Islands","2021-05-19",75284,256.496,0,49903.029,0,0,0.827863471892022,-1.20000846171239,1.55651148440154,-0.0829537052831359,-2.9183872973783,-0.153175973025295,-0.255020243448118,-0.283298495845263,1.09954731364444,-1.25730748526755
"35","Africa","Central African Republic","2021-05-19",0,7.479,0.397,661.24,7010,96,-0.936943791145024,-0.630819010330546,-0.8470834086352,-0.200210232509501,-1.20184046406453,-0.155065414483776,-0.252873740622293,-0.281722877796744,-1.81018371654186,-0.68374199396257
"36","Africa","Chad","2021-05-19",0,11.833,0.398,1768.153,4914,173,-0.881649568804438,-0.812866197379898,-0.79305266588871,-0.198160031440725,-1.19751666851462,-0.155065414483776,-0.253515548029273,-0.280459100820328,-1.71901720906866,-0.867188795422357
"37","South America","Chile","2021-05-19",0,24.282,0.851,22767.037,1300629,27997,0.612446397356822,0.526558828977222,0.231946859247773,-0.192298076202966,0.761162715594034,-0.155065414483776,0.143239931138082,0.176207530242008,0.744377794946767,0.482533992734726
"38","Asia","China","2021-05-19",449511000,147.674,0.761,15308.712,102797,4846,0.424100452509199,0.457103700299711,-0.132109610768137,-0.134195547429767,0.372021116102248,11.1265444819547,-0.223543203364483,-0.203762609771079,0.433841878866178,0.412544879431848
"39","South America","Colombia","2021-05-19",0,44.223,0.767,13254.949,3161126,82743,0.445987748852348,-0.00930461895846561,-0.232358085865331,-0.1829083059888,0.397963889401701,-0.155065414483776,0.712934947962326,1.07473654778581,0.469928621407654,-0.0574492782859136
"40","Africa","Comoros","2021-05-19",0,437.352,0.554,1413.89,3864,146,-0.301060234228282,-0.738583470072335,-0.810344985174507,0.00220733387504027,-0.523004562728859,-0.155065414483776,-0.253837064144411,-0.280902243396474,-0.761768880600061,-0.79233496796614
"41","Africa","Congo","2021-05-19",0,15.405,0.574,4881.406,11476,150,-0.286660697160421,-0.670218444311287,-0.641088264036224,-0.196478056654856,-0.436528651730685,-0.155065414483776,-0.251506225412574,-0.280836592644452,-0.738027602612249,-0.723444338504338
"42","North America","Costa Rica","2021-05-19",0,96.079,0.81,15524.995,293820,3696,0.618206212183966,0.274433597298094,-0.121552384379577,-0.158490477182532,0.583887098047776,-0.155065414483776,-0.165050848257854,-0.222637200977293,0.753874306141891,0.228470372920017
"43","Africa","Cote d'Ivoire","2021-05-19",0,76.399,0.538,3601.006,46777,298,-0.677752123923526,-0.74325533971432,-0.703587270744617,-0.167757348343195,-0.592185291527399,-0.155065414483776,-0.240696853621643,-0.278407514819653,-1.38284071276124,-0.797042755856468
"44","Europe","Croatia","2021-05-19",1450169,73.726,0.851,22669.797,351997,7792,0.515105526778081,1.87159009890472,0.227200371109437,-0.169016004166999,0.761162715594034,-0.118669773571967,-0.147236712038455,-0.155410830907162,0.583886755749153,1.8379061263602
"45","North America","Cuba","2021-05-19",740000,110.408,0.783,0,128094,834,0.532960952742228,1.09512536440681,-0.87935991847264,-0.151743272057474,0.467144618200241,-0.136493252015306,-0.215797114636255,-0.269610314048757,0.613325940454041,1.05547177898766
"46","North America","Curacao","2021-05-19",132406,362.644,0,0,0,0,0.537568804603944,1.34880788596659,-0.87935991847264,-0.0329709898379083,-2.9183872973783,-0.15174235266783,-0.255020243448118,-0.283298495845263,0.620923149410141,1.31110466143248
"47","Europe","Cyprus","2021-05-19",0,127.657,0.887,32415.132,71533,348,0.658524915973977,0.88925164218333,0.702890590994263,-0.143621104341504,0.916819355390749,-0.155065414483776,-0.233116422244166,-0.277586880419382,0.820349884507767,0.848015259287203
"48","Europe","Czechia","2021-05-19",4388483,137.176,0.9,32605.906,1655414,29948,0.566367878739666,1.7630469942226,0.71220266964608,-0.139138820470653,0.973028697539562,-0.0449253884484798,0.251877164384891,0.208228684540549,0.668405705385766,1.72852852104158
"49","Africa","Democratic Republic of Congo","2021-05-19",0,35.879,0.48,808.133,30708,776,-0.510717493936338,-0.729706917752564,-0.839913253533345,-0.186837308680089,-0.842965433422106,-0.155065414483776,-0.245617275006546,-0.27056224995307,-1.10744188810261,-0.783390170974516
"50","Europe","Denmark","2021-05-19",0,136.52,0.94,46682.515,270047,2506,0.653917064112261,1.86427083646561,1.39931144840461,-0.139447716176008,1.14598051953591,-0.155065414483776,-0.172330279310397,-0.242168299703723,0.812752675551667,1.83053059199869
"51","Africa","Djibouti","2021-05-19",0,41.285,0.524,2705.406,11468,152,-0.140361400550953,-0.543922234989624,-0.747303383215748,-0.184291744376504,-0.652718429226121,-0.155065414483776,-0.251508675059166,-0.280803767268441,-0.496816218256073,-0.596177139202466
"52","North America","Dominica","2021-05-19",0,98.567,0.742,9673.367,184,0,0.314087989310741,-1.20000846171239,-0.407182607455973,-0.157318933714659,0.289869000653982,-0.155065414483776,-0.254963901576513,-0.283298495845263,0.252458515039291,-1.25730748526755
"53","North America","Dominican Republic","2021-05-19",0,222.873,0.756,14600.861,279565,3597,0.261097692901012,-0.112864396022468,-0.166661301175464,-0.0987860228154011,0.350402138352705,-0.155065414483776,-0.169415812278129,-0.224262057089828,0.16509061204414,-0.161805243188188
"54","South America","Ecuador","2021-05-19",0,66.939,0.759,10581.936,412907,19979,0.429860267336344,-0.0937097304903292,-0.362833450922048,-0.172211850435668,0.363373525002431,-0.155065414483776,-0.128585715302225,0.0446105978146859,0.443338390061304,-0.142503312837842
"55","Africa","Egypt","2021-05-19",0,97.999,0.707,10550.206,249238,14498,0.140717563013694,-0.396602612279028,-0.364382258703098,-0.157586392191248,0.138536156407177,-0.155065414483776,-0.17870211630078,-0.0453473451429285,-0.0333864719339729,-0.447724894394118
"56","North America","El Salvador","2021-05-19",1497261,307.811,0.673,7292.458,71479,2199,0.217323100214714,0.0883374565590223,-0.523399764253123,-0.0587906212582664,-0.00847289228972005,-0.1174878813085,-0.233132957358659,-0.247206994921381,0.0929171269611897,0.0409434886219449
"57","Africa","Equatorial Guinea","2021-05-19",0,45.194,0.592,22604.873,7694,112,-0.62245790158294,-0.756803761676077,0.224031294639947,-0.182451083839562,-0.358700331832328,-0.155065414483776,-0.252664295838718,-0.281460274788658,-1.29167420528804,-0.81069534073842
"58","Africa","Eritrea","2021-05-19",0,44.304,0.459,1510.459,3887,14,-0.185863937685394,-0.638294001757722,-0.805631249952059,-0.18287016490323,-0.933765139970189,-0.155065414483776,-0.25383002141046,-0.283068718213187,-0.571838656697561,-0.691274454587095
"59","Europe","Estonia","2021-05-19",603161,31.033,0.892,29481.252,127757,1232,0.529505063845942,1.82923181415073,0.559681761096092,-0.189119181527882,0.938438333140292,-0.139927571123445,-0.215900305998923,-0.263078064222606,0.607628033736966,1.79522218282123
"60","Africa","Eswatini","2021-05-19",0,79.492,0.611,7738.975,18530,672,-0.538940586589346,-0.707437672459101,-0.501604333935714,-0.166300923927548,-0.276548216384062,-0.155065414483776,-0.249346249530496,-0.272269169505632,-1.15397479295872,-0.760949715363952
"61","Africa","Ethiopia","2021-05-19",1501724,104.957,0.485,1729.927,267597,4038,-0.16973645616939,-0.650908049791082,-0.794918557040252,-0.154310025853042,-0.821346455672562,-0.117375871090802,-0.173080483579052,-0.217024061679445,-0.545248425351211,-0.703985481890981
"62","Oceania","Fiji","2021-05-19",0,49.562,0.743,8702.975,178,4,-0.121354011621376,-0.230751239988558,-0.454549474152138,-0.18039429048439,0.294192796203891,-0.155065414483776,-0.254965738811456,-0.283232845093241,-0.465477731312161,-0.280598424287468
"63","Europe","Finland","2021-05-19",2468703,18.136,0.938,40585.721,90687,929,0.712091193866419,2.10580649695624,1.10171415919367,-0.195192089930274,1.13733292843609,-0.0931070993453983,-0.227251355892405,-0.268051108688243,0.908667438622428,2.07392322592866
"64","Europe","France","2021-05-19",0,122.578,0.901,38605.671,5978650,108342,0.755289805070002,1.87065572497633,1.00506377007077,-0.146012691670011,0.977352493089471,-0.155065414483776,1.57567720585509,1.49488494803612,0.979891272585866,1.83696456878214
"65","Africa","Gabon","2021-05-19",0,7.859,0.703,16562.413,24039,147,-0.177224215444677,-0.507014464817942,-0.0709138381897876,-0.200031299021643,0.121240974207542,-0.155065414483776,-0.247659361646407,-0.280885830708468,-0.557593889904873,-0.558985614868874
"66","Africa","Gambia","2021-05-19",0,207.566,0.496,1561.767,5966,175,-0.43180803080446,-0.835758358625625,-0.803126798970964,-0.105993746232895,-0.773784704623566,-0.155065414483776,-0.253193419502488,-0.280426275444317,-0.977339684729399,-0.890256956084965
"67","Asia","Georgia","2021-05-19",0,65.032,0.812,9745.079,333601,4519,0.243242266936864,1.11474721690314,-0.403682194484189,-0.173109814018157,0.592534689147594,-0.155065414483776,-0.152869674375669,-0.209129558748846,0.135651427339252,1.07524448812704
"68","Europe","Germany","2021-05-19",0,237.016,0.947,45229.245,3627777,86908,0.678684267868982,2.14084551927113,1.32837429479706,-0.0921264009238737,1.17624708838527,-0.155065414483776,0.855826201910089,1.14309539332831,0.853587673690704,2.10923163510612
"69","Africa","Ghana","2021-05-19",0,126.719,0.611,4227.63,93456,783,-0.315459771296143,-0.672865837108412,-0.673000440395007,-0.144062787529955,-0.276548216384062,-0.155065414483776,-0.226403471965914,-0.270447361137032,-0.785510158587874,-0.726112084975524
"70","Europe","Greece","2021-05-19",4615746,83.479,0.888,24574.382,383558,11587,0.731098582795996,1.97623997888519,0.320167155467219,-0.164423534937835,0.921143150940657,-0.039221651476761,-0.137572550029062,-0.0931246799266569,0.940005925566341,1.94336057510356
"71","North America","Greenland","2021-05-19",19241,0.137,0,0,0,0,0.124014100014976,-1.20000846171239,-0.87935991847264,-0.203667415845964,-2.9183872973783,-0.154582513162079,-0.255020243448118,-0.283298495845263,-0.0609263543998346,-1.25730748526755
"72","North America","Grenada","2021-05-19",0,317.132,0.779,13593.877,161,1,0.164332803804987,-0.0625639328770954,-0.215814300059597,-0.0544015711521412,0.449849436000606,-0.155065414483776,-0.254970944310463,-0.283282083157257,0.00554922396604075,-0.111118060235655
"73","North America","Guatemala","2021-05-19",0,157.834,0.663,7423.808,243833,7928,0.27376928552073,-0.469016591729797,-0.516988295547135,-0.129411431017554,-0.0517108477888074,-0.155065414483776,-0.180357158779179,-0.153178705338427,0.185982936673415,-0.520695606694205
"74","Africa","Guinea","2021-05-19",0,51.755,0.477,1998.926,22879,153,-0.45772719752661,-0.711798084124954,-0.781788152240541,-0.179361655908408,-0.855936820071832,-0.155065414483776,-0.248014560402178,-0.280787354580436,-1.02007398510746,-0.765343650728258
"75","Africa","Guinea-Bissau","2021-05-19",0,66.191,0.48,1548.675,3746,68,-0.646649123856946,-0.732510039537755,-0.803765846921469,-0.172564066880189,-0.842965433422106,-0.155065414483776,-0.253873196431636,-0.282182433060895,-1.33155955230756,-0.786214843708713
"76","South America","Guyana","2021-05-19",0,3.952,0.682,7435.047,15607,349,0.0209134146090903,-0.373866180021367,-0.516439696409057,-0.201871017803387,0.0304412676594586,-0.155065414483776,-0.250241289153875,-0.277570467731377,-0.230913904792573,-0.424813659994521
"77","North America","Haiti","2021-05-19",0,398.448,0.51,1653.173,13598,276,-0.319491641675144,-0.452509318994783,-0.798665080596091,-0.0161116882608562,-0.713251566924844,-0.155065414483776,-0.250856456654172,-0.278768593955771,-0.792157716424461,-0.504061422815045
"78","North America","Honduras","2021-05-19",0,82.805,0.634,4541.795,229211,6051,0.329639489344031,-0.475557209228576,-0.657665388502988,-0.164740906439983,-0.177100918736161,-0.155065414483776,-0.184834500336841,-0.183985320724568,0.278099095266128,-0.527286509740664
"79","Asia","Hong Kong","2021-05-19",2026556,7039.714,0.949,56054.92,0,0,0.88200573126718,1.33884123073036,1.85679817362233,3.11111170430485,1.18489467948509,-0.104203891127759,-0.255020243448118,-0.283298495845263,1.18881451887862,1.30106138059978
"80","Europe","Hungary","2021-05-19",7644400,108.043,0.854,26777.561,799588,29329,0.422372508061056,1.69296894959283,0.427708938582487,-0.152856897580592,0.77413410224376,0.0367900433188904,-0.0101817410950025,0.198069230665205,0.43099292550764,1.65791170268666
"81","Europe","Iceland","2021-05-19",220021,3.404,0.949,46482.958,6551,29,0.774297193999579,1.04731656507049,1.38957065312055,-0.202129058727982,1.18489467948509,-0.14954343372908,-0.253014289095482,-0.282822527893106,1.01122975952978,1.00729541624331
"82","Asia","India","2021-05-19",186410600,450.419,0.645,6426.674,25772440,287122,0.00651387754122932,-0.267347552184108,-0.565660495293438,0.00836029146936884,-0.129539167687165,4.52337775990137,7.63665098171475,4.42914530964209,-0.254655182780385,-0.317476096095039
"83","Asia","Indonesia","2021-05-19",0,145.725,0.718,11188.744,1753101,48669,0.125166062980404,-0.371685974188441,-0.333213881051143,-0.13511328787144,0.186097907456173,-0.155065414483776,0.281789492708189,0.515490616689701,-0.05902705216081,-0.422616692312368
"84","Asia","Iran","2021-05-19",0,49.831,0.783,19082.62,2792204,77765,0.410852878406767,-0.352842766632434,0.0521027458460896,-0.18026762441009,0.467144618200241,-0.155065414483776,0.599968882982466,0.99303418689491,0.411999903117391,-0.403628614488044
"85","Asia","Iraq","2021-05-19",0,88.125,0.674,15663.986,1151557,16069,0.0606561369163866,-0.703855905733579,-0.114767942454081,-0.162235837609967,-0.00414909673981132,-0.155065414483776,0.09759321655159,-0.0195630122864402,-0.165387977546211,-0.7573404113147
"86","Europe","Ireland","2021-05-19",0,69.874,0.955,67335.293,254870,4941,0.734554471692283,0.968984884073208,2.40741681451593,-0.170829824680762,1.21083745278454,-0.155065414483776,-0.176977565100346,-0.202203404410566,0.945703832283416,0.928361505948804
"87","Europe","Isle of Man","2021-05-19",79300,147.872,0,0,0,0,0.682716138247983,-1.20000846171239,-0.87935991847264,-0.13410231366504,-2.9183872973783,-0.153075181397628,-0.255020243448118,-0.283298495845263,0.860235231527292,-1.25730748526755
"88","Asia","Israel","2021-05-19",10543578,402.606,0.919,33132.32,839221,6395,0.77314523103415,0.627159755267967,0.737898039934577,-0.0141537792016063,1.05518081298783,0.109552212022964,0.00195411432524015,-0.17833935605071,1.00933045729075,0.583908358639793
"89","Europe","Italy","2021-05-19",28859336,205.859,0.892,35220.084,4172525,124646,0.80424823110073,2.38502857255888,0.839806175081047,-0.106797534295458,0.938438333140292,0.569232257035372,1.02263121209015,1.76247741327621,1.06061161774443,2.35529201550727
"90","North America","Jamaica","2021-05-19",0,266.879,0.734,8193.571,47572,892,0.283560970726876,0.308071058720387,-0.479414550701093,-0.0780645831662067,0.255278636254712,-0.155065414483776,-0.24045341999161,-0.268658378144443,0.202127005705128,0.262366445730379
"91","Asia","Japan","2021-05-19",7577142,347.778,0.919,39002.223,699931,11900,0.868758157164747,3.01230493648941,1.02442030405096,-0.0399710562339662,1.05518081298783,0.0351020345306413,-0.0406972948914632,-0.0879875085809658,1.16697254312983,2.98739100291533
"92","Asia","Jordan","2021-05-19",0,109.285,0.729,8337.49,726432,9295,0.287016859623162,-0.60668101718029,-0.472389562770395,-0.152272067601855,0.233659658505169,-0.155065414483776,-0.0325825343512101,-0.130742560835041,0.207824912422203,-0.659418423195875
"93","Asia","Kazakhstan","2021-05-19",2700694,6.681,0.825,24055.588,420863,3409,0.233450581730719,-0.111307106141806,0.294843733344231,-0.200585992834004,0.648744031296407,-0.087284701314016,-0.126149541766953,-0.227347642434844,0.11950735830754,-0.160235980558079
"94","Africa","Kenya","2021-05-19",945597,87.324,0.601,2993.028,166382,3035,-0.163976641342245,-0.781720399766664,-0.733263950766918,-0.162613010567268,-0.319786171883149,-0.131333277843644,-0.204073106049212,-0.233485987748864,-0.535751914156085,-0.83580354282017
"95","Europe","Kosovo","2021-05-19",0,168.155,0,9795.834,106657,2240,-4.00577313104757,-1.20000846171239,-0.401204736591745,-0.124551503311802,-2.9183872973783,-0.155065414483776,-0.222361248884072,-0.24653407471316,-6.86992488130447,-1.25730748526755
"96","Asia","Kuwait","2021-05-19",0,232.128,0.806,65530.537,294693,1703,0.342311081963748,-0.834823984697228,2.31932289281098,-0.0944280506308514,0.566591915848141,-0.155065414483776,-0.164783530573554,-0.255347688172061,0.298991419895403,-0.8893153985069
"97","Asia","Kyrgyzstan","2021-05-19",0,32.333,0.697,3393.474,101219,1725,0.109614562947115,-0.500941034283361,-0.713717342487983,-0.188507040648367,0.0952982009080891,-0.155065414483776,-0.224026396154662,-0.254986609035942,-0.0846676323876472,-0.552865490611447
"98","Asia","Laos","2021-05-19",0,29.715,0.613,6397.36,1737,2,-0.0937069004510831,-0.572576368793799,-0.567091373052458,-0.189739798204191,-0.267900625284244,-0.155065414483776,-0.254488363931933,-0.283265670469252,-0.41989447757556,-0.625051571596479
"99","Europe","Latvia","2021-05-19",552553,31.212,0.866,25063.846,129297,2298,0.33079145230946,1.87626196854671,0.344058918837663,-0.189034894437549,0.826019648842665,-0.141197706256154,-0.215428749030054,-0.245582138808846,0.279998397505154,1.84261391425053
"100","Asia","Lebanon","2021-05-19",631679,594.561,0.744,13367.565,537043,7651,0.540448712017517,0.125868142682969,-0.226861062951029,0.0762335304348322,0.2985165917538,-0.139211840137937,-0.0905745491415198,-0.157725019915924,0.625671405007704,0.0787627180075811
"101","Africa","Lesotho","2021-05-19",0,73.562,0.527,2851.153,10806,320,-0.876465735460008,-0.498293641486236,-0.740189166775004,-0.169093228093337,-0.639747042576395,-0.155065414483776,-0.251711383314614,-0.278046435683534,-1.71047034899305,-0.550197744140261
"102","Africa","Liberia","2021-05-19",0,49.127,0.48,752.788,2142,85,-0.313731826848,-0.723944945194115,-0.842614758942808,-0.180599122240228,-0.842965433422106,-0.155065414483776,-0.254364350573237,-0.281903417364803,-0.782661205229336,-0.777583899243111
"103","Africa","Libya","2021-05-19",0,3.623,0.724,17881.509,182350,3097,0.193707859423423,-0.511063418507662,-0.00652599864510361,-0.202025936533664,0.212040680755625,-0.155065414483776,-0.199183611452527,-0.232468401092529,0.0539814310611774,-0.563065697707158
"104","Europe","Liechtenstein","2021-05-19",0,237.012,0.919,0,2993,58,0.745498119863857,-1.20000846171239,-0.87935991847264,-0.0921282844342722,1.05518081298783,-0.155065414483776,-0.254103769417063,-0.282346559940949,0.963747203554153,-1.25730748526755
"105","Europe","Lithuania","2021-05-19",1383714,45.135,0.882,29524.265,267769,4136,0.367654267203184,1.75915376952095,0.56178131574741,-0.18247886561794,0.895200377641205,-0.120337629054186,-0.173027816177334,-0.215415618254915,0.340776069153954,1.72460536446631
"106","Europe","Luxembourg","2021-05-19",0,231.447,0.916,94277.965,69398,808,0.731674564278711,1.02878481549062,3.72254508542347,-0.0947487182761975,1.0422094263381,-0.155065414483776,-0.23377017167828,-0.270037043936897,0.940955576685854,0.988621190945004
"107","Asia","Macao","2021-05-19",138414,20546.766,0,104861.851,0,0,0.846294879338884,0.32582416335993,4.23916673655972,9.47127992810457,-2.9183872973783,-0.151591566786599,-0.255020243448118,-0.283298495845263,1.12993614946884,0.280256039713627
"108","Africa","Madagascar","2021-05-19",0,43.951,0.528,1416.44,40385,777,-0.144393270929954,-0.743878255666585,-0.810220514331719,-0.183036384695898,-0.635423247026486,-0.155065414483776,-0.242654121248272,-0.270545837265064,-0.50346377609266,-0.797670460908512
"109","Africa","Malawi","2021-05-19",0,197.519,0.483,1095.042,34238,1153,-0.304516123124568,-0.736091806263277,-0.825908624108401,-0.110724653476349,-0.82999404677238,-0.155065414483776,-0.244536368448035,-0.264374666575033,-0.767466787317135,-0.789824147757965
"110","Asia","Malaysia","2021-05-19",2303580,96.254,0.81,26808.164,485496,2040,0.380901841305616,-0.220005939811992,0.429202735132235,-0.158408073602597,0.583887098047776,-0.0972512766201026,-0.106358540748192,-0.24981661231424,0.36261804490274,-0.269770512139714
"111","Asia","Maldives","2021-05-19",0,1454.433,0.74,15183.616,48608,112,0.539872730534802,-0.558405030879778,-0.138215808630674,0.481127993781469,0.281221409554165,-0.155065414483776,-0.240136190758007,-0.281460274788658,0.624721753888191,-0.610771281662484
"112","Africa","Mali","2021-05-19",0,15.196,0.434,2014.306,14221,512,-0.589626957068217,-0.807727140773714,-0.781037422216193,-0.196576470073178,-1.04186002871791,-0.155065414483776,-0.250665690425857,-0.274895199586496,-1.23754409147582,-0.862010228742996
"113","Europe","Malta","2021-05-19",0,1454.037,0.895,36513.323,30489,417,0.747802045794715,1.82518286046101,0.902931880279855,0.480941526252016,0.951409719790019,-0.155065414483776,-0.245684334081989,-0.27645440494701,0.967545808032204,1.79114209998294
"114","Oceania","Marshall Islands","2021-05-19",0,295.15,0.704,3819.202,4,0,0.239210396557864,-1.20000846171239,-0.692936666817918,-0.0647524025471463,0.12556476975745,-0.155065414483776,-0.255019018624822,-0.283298495845263,0.129003869502666,-1.25730748526755
"115","Africa","Mauritania","2021-05-19",0,4.289,0.546,3597.633,18957,457,-0.266501345265415,-0.711330897160756,-0.703751913941764,-0.201712332052312,-0.557594927128129,-0.155065414483776,-0.249215499643674,-0.275797897426793,-0.70478981342931,-0.764872871939225
"116","Africa","Mauritius","2021-05-19",0,622.962,0.804,20292.745,1288,17,0.313512007828026,0.504445312671826,0.111171482563516,0.0896069251418442,0.557944324748324,-0.155065414483776,-0.254625850346882,-0.283019480149171,0.251508863919778,0.460250463387173
"117","North America","Mexico","2021-05-19",0,66.444,0.779,17336.469,2387512,220850,0.316967896724313,-0.132174790542673,-0.0331305430190039,-0.172444934847484,0.449849436000606,-0.155065414483776,0.476049835680247,3.34144365014801,0.257206770636853,-0.181264099801544
"118","Oceania","Micronesia (country)","2021-05-19",0,150.777,0.62,3299.464,1,0,-0.0960108263819412,-0.450952029114121,-0.718306167558786,-0.132734414238123,-0.237634056434883,-0.155065414483776,-0.255019937242294,-0.283298495845263,-0.423693082053611,-0.502492160184936
"119","Europe","Moldova","2021-05-19",264380,123.655,0.75,5189.972,254213,6053,0.135533729669265,0.491831264638466,-0.626026511065292,-0.145505556495212,0.324459365053252,-0.148430132979163,-0.177178742326675,-0.183952495348558,-0.0419333320095843,0.447539436083287
"120","Europe","Monaco","2021-05-19",0,19347.5,0,0,2497,32,0.990866231500209,-1.20000846171239,-0.87935991847264,8.90657243271006,-2.9183872973783,-0.155065414483776,-0.254255647505738,-0.28277328982909,1.36829858046648,-1.25730748526755
"121","Asia","Mongolia","2021-05-19",2495668,1.98,0.737,11840.846,50618,235,0.018609488678233,-0.572264910817667,-0.301383416139744,-0.202799588429851,0.268250022904439,-0.0924303448035573,-0.239520717051886,-0.279441514163993,-0.234712509270622,-0.624737719070457
"122","Europe","Montenegro","2021-05-19",148255,46.28,0.829,16409.288,99031,1566,0.422372508061056,1.09886286012039,-0.0783881902689992,-0.181939710766367,0.666039213496042,-0.151344582123286,-0.224696374497444,-0.257596226428801,0.43099292550764,1.05923800929993
"123","Africa","Morocco","2021-05-19",11703585,80.08,0.686,7485.013,515758,9106,0.410852878406767,-0.145878941492496,-0.514000751259735,-0.166024047898967,0.0477364498590935,0.138665507250751,-0.0970921401040981,-0.133844558868062,0.411999903117391,-0.195073610946507
"124","Africa","Mozambique","2021-05-19",0,37.728,0.456,1136.103,70509,828,-0.500925808730193,-0.708216317399432,-0.823904350666935,-0.185966655998378,-0.946736526619915,-0.155065414483776,-0.233429977007881,-0.269708790176789,-1.0912978190709,-0.761734346679007
"125","Asia","Myanmar","2021-05-19",0,81.721,0.583,5591.597,143159,3216,-0.139209437585524,-0.307369902117113,-0.606422353326103,-0.165251337757979,-0.397614491781506,-0.155065414483776,-0.211184123898588,-0.230515291219886,-0.494916916017048,-0.35780614568885
"126","Africa","Namibia","2021-05-19",60539,3.078,0.646,9541.808,51827,739,-0.336195104673863,-0.646859096101362,-0.41360427788986,-0.202282564825461,-0.125215372137256,-0.153546035911237,-0.239150514210742,-0.27116951940927,-0.819697598890323,-0.699905399052697
"127","Asia","Nepal","2021-05-19",0,204.43,0.602,2442.804,480418,5657,0.0710238036052469,-0.295378770036018,-0.760121537042393,-0.107470418385326,-0.31546237633324,-0.155065414483776,-0.107913453922163,-0.190451919798697,-0.148294257394985,-0.345722823437008
"128","Europe","Netherlands","2021-05-19",7600981,508.544,0.944,48472.545,1637940,17758,0.733402508726854,1.72442620518219,1.48668656319547,0.0357300519476996,1.16327570173555,0.0357003342348114,0.246526523817351,0.00815801775468563,0.943804530044392,1.68961080781487
"129","Oceania","New Zealand","2021-05-19",0,18.206,0.931,36085.843,2659,26,0.733978490209569,1.18607109343745,0.882065685818981,-0.1951591284983,1.10706635958673,-0.155065414483776,-0.25420604216226,-0.282871765957122,0.944754181163905,1.14711671658605
"130","North America","Nicaragua","2021-05-19",0,51.667,0.66,5321.444,7193,185,0.28413695220959,-0.352064121692104,-0.619609087283688,-0.179403093137175,-0.0646822344385336,-0.155065414483776,-0.252817704956512,-0.280262148564263,0.203076656824641,-0.40284398317299
"131","Africa","Niger","2021-05-19",0,16.955,0.394,926,5356,192,-0.410496715944026,-0.802432355179465,-0.834159918307089,-0.195748196375434,-1.21481185071426,-0.155065414483776,-0.253380205055091,-0.280147259748225,-0.942202593307436,-0.856674735800625
"132","Africa","Nigeria","2021-05-19",0,209.588,0.539,5338.454,165852,2067,-0.855730402082288,-0.771598015542363,-0.618778793544146,-0.105041631726448,-0.58786149597749,-0.155065414483776,-0.204235395135901,-0.249373469738094,-1.6762829086906,-0.825603335724459
"133","Europe","North Macedonia","2021-05-19",219977,82.6,0.774,13111.214,154891,5249,0.360166507927896,0.864957920045007,-0.23937409237051,-0.164837436347907,0.428230458251062,-0.149544538019821,-0.207591717172115,-0.197148296504902,0.32843060460029,0.823534762257496
"134","Asia","Northern Cyprus","2021-05-19",125248,0,0,0,0,0,-4.00577313104757,-1.20000846171239,-0.87935991847264,-0.203731926077113,-2.9183872973783,-0.151922000693437,-0.255020243448118,-0.283298495845263,-6.86992488130447,-1.25730748526755
"135","Europe","Norway","2021-05-19",0,14.462,0.957,64800.057,120292,781,0.740314286519427,1.41950884654864,2.28366663350112,-0.196922094231305,1.21948504388436,-0.155065414483776,-0.21818613247464,-0.270480186513043,0.955200343478542,1.38234918483945
"136","Asia","Oman","2021-05-19",0,14.98,0.813,37960.709,207805,2228,0.478818693367071,-0.833266694816566,0.973581823519182,-0.196678179634698,0.596858484697502,-0.155065414483776,-0.191389142204116,-0.246731026969225,0.524058735219866,-0.88774613587679
"137","Asia","Pakistan","2021-05-19",0,255.573,0.557,5034.708,890391,19987,-0.131145696827522,-0.500006660354964,-0.63360527221616,-0.0833883253075918,-0.510033176079133,-0.155065414483776,0.017622666336287,0.0447418993187291,-0.481621800343873,-0.551923933033382
"138","Asia","Palestine","2021-05-19",472617,778.202,0.708,4449.898,304532,3448,0.259369748452869,-0.726125151027042,-0.662151073616609,0.16270596370797,0.142859951957085,-0.143203901363018,-0.161770771471801,-0.226707547602633,0.162241658685603,-0.779780866925265
"139","North America","Panama","2021-05-19",863325,55.133,0.815,22267.037,372221,6305,0.51625748974351,0.0330536657955324,0.207540811642184,-0.177771031376867,0.60550607579732,-0.133398100749868,-0.141044005455078,-0.179816497971196,0.585786057988179,-0.0147653347469383
"140","Oceania","Papua New Guinea","2021-05-19",0,18.22,0.555,3823.194,14639,141,-0.290692567539422,-0.606992475156422,-0.692741808933835,-0.195152536211906,-0.518680767178951,-0.155065414483776,-0.25053769639145,-0.280984306836501,-0.744675160448836,-0.659732275721897
"141","South America","Paraguay","2021-05-19",0,17.144,0.728,8827.01,321032,7914,0.270889378107158,-0.206768975826368,-0.44849506592262,-0.195659200509105,0.22933586295526,-0.155065414483776,-0.156718375376779,-0.153408482970503,0.181234681075853,-0.256431779783784
"142","South America","Peru","2021-05-19",0,25.129,0.777,12236.706,1903615,67034,0.414308767303053,-0.0863904680512193,-0.282060660129447,-0.191899242876081,0.441201844900788,-0.155065414483776,0.327877756092803,0.816909631908929,0.417697809834465,-0.135127778476328
"143","Asia","Philippines","2021-05-19",0,351.873,0.718,7599.188,1159071,19507,0.0969429703273969,-0.452042132030584,-0.508427630288999,-0.0380428124634928,0.186097907456173,-0.155065414483776,0.0998940471126806,0.0368638090761357,-0.105559957016922,-0.503590644026012
"144","Europe","Poland","2021-05-19",0,124.027,0.88,27216.445,2859261,72250,0.528929082363228,1.4104765652408,0.44913178617715,-0.145330390028151,0.886552786541387,-0.155065414483776,0.62050212691846,0.902518212545112,0.606678382617454,1.37324746158481
"145","Europe","Portugal","2021-05-19",4809225,112.371,0.864,27936.896,843278,17013,0.720154934624422,2.14847623968637,0.484298508984138,-0.150818939329406,0.817372057742848,-0.0343658090142784,0.00319639135296767,-0.00406943480933968,0.921962554295604,2.11692102199365
"146","Asia","Qatar","2021-05-19",2150749,227.322,0.848,116935.6,214150,538,0.615326304770394,-0.996470674309911,4.82851172230359,-0.0966910883746597,0.748191328944308,-0.101086955217696,-0.189446266251212,-0.274468469698356,0.749126050544329,-1.05220485951225
"147","Europe","Romania","2021-05-19",0,85.129,0.828,23313.199,1073679,29716,0.374566044995757,1.57975397526872,0.2586061707925,-0.16364658689845,0.661715417946133,-0.155065414483776,0.0737465193947343,0.204420940923296,0.352171882588103,1.54382630947771
"148","Europe","Russia","2021-05-19",24862902,8.823,0.824,24765.954,4908794,115003,0.174700470493846,1.00791713108975,0.329518186171015,-0.199577373015602,0.644420235746498,0.468931687383321,1.24808106787716,1.60420986284011,0.022642944117265,0.967593071701538
"149","Africa","Rwanda","2021-05-19",0,494.869,0.543,1854.211,26424,348,-0.0303489373524949,-0.736870451203607,-0.788851994599026,0.0292908007727977,-0.570566313777855,-0.155065414483776,-0.246929060756308,-0.277586880419382,-0.315432854429186,-0.790608779073019
"150","North America","Saint Kitts and Nevis","2021-05-19",0,212.865,0.779,24654.385,45,0,0.384933711684617,-1.20000846171239,0.324072269520399,-0.10349856583247,0.449849436000606,-0.155065414483776,-0.255006464186041,-0.283298495845263,0.369265602739329,-1.25730748526755
"151","North America","Saint Lucia","2021-05-19",44206,293.187,0.759,12951.839,4906,77,0.383205767236474,0.313833031278835,-0.247153520044791,-0.0656767352752144,0.363373525002431,-0.153955953653937,-0.253517997675865,-0.282034718868847,0.366416649380791,0.268172717461784
"152","North America","Saint Vincent and the Grenadines","2021-05-19",0,281.787,0.738,10727.146,1949,12,0.171820563080274,0.00284224211069562,-0.355745446576433,-0.0710447399109645,0.272573818454347,-0.155065414483776,-0.254423448297257,-0.283101543589198,0.0178946885197028,-0.0452090297710604
"153","Oceania","Samoa","2021-05-19",0,69.413,0.715,6021.557,3,0,0.217323100214714,-0.32699175461345,-0.585435104869104,-0.171046899254191,0.173126520806446,-0.155065414483776,-0.255019324830646,-0.283298495845263,0.0929171269611897,-0.377578854828229
"154","Europe","San Marino","2021-05-19",0,556.667,0,56861.47,5087,90,0.888341527577038,-1.20000846171239,1.8961675690149,0.0583900946745592,-2.9183872973783,-0.155065414483776,-0.253462574421731,-0.281821353924776,1.19926068119325,-1.25730748526755
"155","Africa","Sao Tome and Principe","2021-05-19",0,212.841,0.625,3052.714,2333,35,0.0485605257793837,-0.75057460215343,-0.730350552052144,-0.103509866894861,-0.216015078685339,-0.155065414483776,-0.254305865260864,-0.282724051765074,-0.185330651055973,-0.804418290217982
"156","Asia","Saudi Arabia","2021-05-19",12225726,15.322,0.854,49045.411,436239,7201,0.321575748586028,-0.686881446034367,1.51464935293072,-0.196517139495625,0.77413410224376,0.151769949795953,-0.121441321018041,-0.165110729518355,0.264803979592953,-0.740235448646508
"157","Africa","Senegal","2021-05-19",434588,82.328,0.512,2470.58,40925,1128,-0.0925549374856544,-0.731575665609358,-0.758765732285808,-0.164965515055005,-0.704603975825026,-0.14415833483128,-0.242488770103344,-0.264784983775168,-0.417995175336536,-0.785273286130648
"158","Europe","Serbia","2021-05-19",4184634,80.291,0.806,14048.881,708328,6725,0.371686137582185,1.5043811450447,-0.19360460149013,-0.165924692725446,0.566591915848141,-0.0500414921606895,-0.038126084587833,-0.172923169008927,0.347423626990541,1.46787399818041
"159","Africa","Seychelles","2021-05-19",0,208.354,0.796,26382.287,9764,35,0.221930952076431,0.140195209585057,0.408414786459984,-0.105622694684388,0.523353960349054,-0.155065414483776,-0.252030449783161,-0.282724051765074,0.100514335917291,0.0931999342045875
"160","Africa","Sierra Leone","2021-05-19",0,104.7,0.452,1390.3,4107,79,-0.855154420599574,-0.804768290000457,-0.811496462500539,-0.154431041396146,-0.96403170881955,-0.155065414483776,-0.253762656129193,-0.282001893492836,-1.67533325757109,-0.859028629745789
"161","Asia","Singapore","2021-05-19",0,7915.731,0.938,85535.383,61689,31,0.810584027410589,0.812321522078642,3.29580134044794,3.52360848649747,1.13733292843609,-0.155065414483776,-0.236130712375039,-0.282789702517095,1.07105778005907,0.770493685359799
"162","Europe","Slovakia","2021-05-19",2185568,113.128,0.86,30155.152,388138,12262,0.460387285920209,1.14682738844477,0.592576232058905,-0.150462484986488,0.800076875543213,-0.10021308477852,-0.136170127355413,-0.0820461155230098,0.493669899395466,1.1075712983073
"163","Europe","Slovenia","2021-05-19",893198,102.619,0.917,31400.84,250453,4338,0.678108286386267,1.76849750880492,0.653380873318327,-0.15541093768097,1.04653322188801,-0.132648362629029,-0.178330076224692,-0.212100255277824,0.852638022571191,1.73402094024696
"164","Oceania","Solomon Islands","2021-05-19",0,21.841,0.567,2205.923,20,0,0.198891692767853,-0.653866900564339,-0.771684194968112,-0.193447488423656,-0.466795220580046,-0.155065414483776,-0.255014119331639,-0.283298495845263,0.0625282911367902,-0.706967080888189
"165","Africa","Somalia","2021-05-19",0,23.5,0,0,14575,762,-0.699639420266675,-0.774712595303686,-0.87935991847264,-0.192666302485874,-2.9183872973783,-0.155065414483776,-0.250557293564182,-0.270792027585146,-1.41892745530271,-0.828741860984678
"166","Africa","South Africa","2021-05-19",558170,46.754,0.709,12294.876,1621362,55507,-0.312003882399856,-0.367792749486787,-0.279221260551012,-0.181716514784143,0.147183747506994,-0.141056733504011,0.241450243668062,0.627720577270647,-0.779812251870799,-0.418693535737095
"167","Asia","South Korea","2021-05-19",5034150,527.967,0.916,35938.374,134117,1916,0.776601119930437,0.966804678240282,0.874867414950284,0.0448759075652587,1.0422094263381,-0.0287207500369532,-0.21395283695866,-0.25185178562691,1.01502836400783,0.92616453826665
"168","Africa","South Sudan","2021-05-19",0,0,0.433,1569.888,10652,115,-0.673720253544525,-0.664145013776706,-0.802730395945754,-0.203731926077113,-1.04618382426782,-0.155065414483776,-0.251758539011501,-0.281411036724641,-1.37619315492465,-0.717324214246911
"169","Europe","Spain","2021-05-19",0,93.105,0.904,34272.36,3625928,79568,0.807128138514302,1.82674015034167,0.793545780959129,-0.159890867163823,0.990323879739197,-0.155065414483776,0.855260027341622,1.02262626336865,1.06535987334199,1.79271136261305
"170","Asia","Sri Lanka","2021-05-19",1683203,341.955,0.782,11669.077,151343,1051,0.4281323228882,0.368026719125862,-0.309767820922073,-0.0427129764965954,0.462820822650332,-0.112821198830511,-0.208678135435457,-0.266048760751584,0.440489436702766,0.322783056989591
"171","Africa","Sudan","2021-05-19",0,23.258,0.51,4466.507,34889,2446,-0.244038067439552,-0.647482012053626,-0.661340353527247,-0.192780254864984,-0.713251566924844,-0.155065414483776,-0.24433702845665,-0.243153060984047,-0.667753419768323,-0.700533104104741
"172","South America","Suriname","2021-05-19",57362,3.612,0.738,13767.119,12409,239,0.122862137049547,-0.120339387449644,-0.207357995061022,-0.20203111618726,0.272573818454347,-0.153625770722268,-0.251220535378837,-0.279375863411971,-0.0628256566388593,-0.169337703812713
"173","Europe","Sweden","2021-05-19",4362100,24.718,0.945,46949.283,1051762,14349,0.763353545828005,1.91223536478999,1.4123329534199,-0.192092773569528,1.16759949728545,-0.0455875362355145,0.0670354063514255,-0.0477928356557335,0.993186388259041,1.87886388100606
"174","Europe","Switzerland","2021-05-19",0,214.243,0.955,57410.166,684954,10756,0.81979973113402,1.6710111622755,1.92295057040889,-0.102849696500184,1.21083745278454,-0.155065414483776,-0.0452833395166235,-0.106763623659147,1.08625219797127,1.63578509960212
"175","Asia","Syria","2021-05-19",0,0,0.567,0,23884,1714,0.18161224828642,-1.20000846171239,-0.87935991847264,-0.203731926077113,-0.466795220580046,-0.155065414483776,-0.247706823549118,-0.255167148604002,0.0340387575514155,-1.25730748526755
"176","Asia","Taiwan","2021-05-19",264589,0,0,0,2533,14,0.628573878872825,-1.20000846171239,-0.87935991847264,-0.203731926077113,-2.9183872973783,-0.148424887598141,-0.254244624096076,-0.283068718213187,0.770968026293116,-1.25730748526755
"177","Asia","Tajikistan","2021-05-19",0,64.281,0.668,2896.913,13308,90,0.0894552110521087,-0.660251789075052,-0.737955525298141,-0.173463443095477,-0.0300918700392637,-0.155065414483776,-0.250945256343115,-0.281821353924776,-0.117905421570586,-0.713401057671638
"178","Africa","Tanzania","2021-05-19",0,64.699,0.529,2683.304,509,21,-0.235398345198836,-0.716002766802741,-0.748382228144105,-0.173266616258833,-0.631099451476578,-0.155065414483776,-0.254864384683732,-0.282953829397149,-0.653508652975636,-0.769580659829553
"179","Asia","Thailand","2021-05-19",2540116,135.132,0.777,16277.671,116949,678,0.437924008094346,0.571097319564146,-0.0848126918044088,-0.140101294284291,0.441201844900788,-0.0913148103746404,-0.219209778544074,-0.272170693377599,0.456633505734479,0.527414903955855
"180","Asia","Timor","2021-05-19",0,87.176,0.606,6570.102,4949,11,-0.00270182618220154,-0.646236180149097,-0.558659474101489,-0.162682700452013,-0.298167194133605,-0.155065414483776,-0.253504830825435,-0.283117956277203,-0.269849600692585,-0.699277694000653
"181","Africa","Togo","2021-05-19",0,143.366,0.515,1429.813,13299,125,-0.489982160558618,-0.75789386459254,-0.80956775018246,-0.136224088128961,-0.6916325891753,-0.155065414483776,-0.25094801219553,-0.281246909844587,-1.07325444780016,-0.811793824579496
"182","North America","Trinidad and Tobago","2021-05-19",62985,266.886,0.796,28763.071,17669,331,0.22826674838629,0.359461624782223,0.524625841745233,-0.0780612870230093,0.523353960349054,-0.153484647385024,-0.249609892744909,-0.277865896115474,0.110960498231928,0.314152112523989
"183","Africa","Tunisia","2021-05-19",0,74.228,0.74,10849.297,329925,12032,0.412004841372196,0.0459791718050243,-0.349783000334292,-0.168779623611986,0.281221409554165,-0.155065414483776,-0.153995286984475,-0.0858210337642525,0.413899205356416,-0.00174045491703047
"184","Asia","Turkey","2021-05-19",26821460,104.914,0.82,25129.341,5151038,45419,0.469027008160925,0.0696499779910822,0.347255867013519,-0.154330273589826,0.627125053546863,0.518086629788621,1.32225759149186,0.462149380672141,0.507914666188153,0.0221123370606324
"185","Africa","Uganda","2021-05-19",0,213.759,0.544,1697.707,43094,350,-0.355778475086154,-0.86238801558494,-0.796491282747956,-0.103077601258403,-0.566242518227947,-0.155065414483776,-0.241824609671216,-0.277554055043372,-0.851985736953749,-0.917091347059836
"186","Europe","Ukraine","2021-05-19",1012815,77.39,0.779,7894.393,2222115,50658,0.144749433392695,1.36360213983288,-0.494018055722183,-0.167290708641965,0.449849436000606,-0.129646272956069,0.425404311017923,0.548135453132448,-0.0267389140973846,1.32601265641852
"187","Asia","United Arab Emirates","2021-05-19",11704191,112.442,0.89,67293.483,550029,1639,0.48515448967693,-1.0218544993647,2.40537598081515,-0.150785507019832,0.929790742040475,0.138680716345962,-0.0865981603118256,-0.256398100204407,0.534504897534503,-1.07778384038304
"188","Europe","United Kingdom","2021-05-19",0,272.898,0.932,39753.244,4468366,127956,0.678108286386267,1.68362521030886,1.06107921260855,-0.0752303708940506,1.11139015513664,-0.155065414483776,1.1132194492506,1.8168034105741,0.852638022571191,1.648496126906
"189","North America","United States","2021-05-19",277290173,35.608,0.926,54225.446,33026624,587874,0.536416841638515,1.20024243135147,1.76749771454795,-0.186964916509588,1.08544738183719,6.8042293745246,9.85792437045236,9.36529405264308,0.619023847171116,1.16139700652005
"190","South America","Uruguay","2021-05-19",2444899,19.751,0.817,20551.409,249365,3638,0.481698600780643,1.08219985839731,0.123797414359221,-0.194431622606876,0.614153666897137,-0.0937045206364786,-0.178663228161139,-0.223589136881606,0.528806990817428,1.04244689915776
"191","Asia","Uzbekistan","2021-05-19",0,76.134,0.72,6253.104,97280,674,0.125166062980404,-0.504055614044685,-0.574132810659242,-0.167882130907096,0.19474549855599,-0.155065414483776,-0.225232540895164,-0.272236344129621,-0.05902705216081,-0.556004015871666
"192","Oceania","Vanuatu","2021-05-19",0,22.662,0.609,2921.909,4,1,0.0531683776410991,-0.515735288149647,-0.736735418166242,-0.193060897914362,-0.285195807483879,-0.155065414483776,-0.255019018624822,-0.283282083157257,-0.177733442099873,-0.567773485597486
"193","Europe","Vatican","2021-05-19",0,0,0,0,27,0,0.320999767103315,-1.20000846171239,-0.87935991847264,-0.203731926077113,-2.9183872973783,-0.155065414483776,-0.255011975890871,-0.283298495845263,0.263854328473441,-1.25730748526755
"194","South America","Venezuela","2021-05-19",316000,36.253,0.711,16745.022,218814,2446,0.144749433392695,-0.170016934642752,-0.0620003102953695,-0.186661200457828,0.155831338606811,-0.147134599159403,-0.188018122288352,-0.243153060984047,-0.0267389140973846,-0.219397181713202
"195","Asia","Vietnam","2021-05-19",0,308.127,0.704,6171.884,4720,37,0.337127248619319,-0.0865461970392854,-0.578097329032294,-0.0586418239367841,0.12556476975745,-0.155065414483776,-0.253574951959118,-0.282691226389063,0.290444559819791,-0.135284704739339
"196","Asia","Yemen","2021-05-19",0,53.508,0.47,1479.147,6593,1298,-0.197383567339682,-0.744968358583048,-0.807159654277312,-0.178536207476261,-0.886203388921193,-0.155065414483776,-0.253001428450877,-0.261994826814249,-0.59083167908781,-0.798768944749588
"197","Africa","Zambia","2021-05-19",0,22.995,0.584,3689.251,92630,1263,-0.325827437985003,-0.813800571308295,-0.699279847402706,-0.192904095673686,-0.393290696231598,-0.155065414483776,-0.226656397976489,-0.262569270894439,-0.802603878739098,-0.868130353000423
"198","Africa","Zimbabwe","2021-05-19",844684,42.729,0.571,1899.775,38612,1583,-0.464062993836468,-0.760541257389665,-0.786627920292824,-0.183611797122643,-0.449500038380411,-0.133865943561456,-0.243197024174119,-0.25731721073271,-1.0305201474221,-0.814461571050682
