"","continent","location","date","total_vaccinations","population_density","human_development_index","gdp_per_capita","total_cases","total_deaths","gdp","popdens","hdi","vaccine","cases","deaths"
"1","Asia","Afghanistan","2021-05-19",0,54.422,0.511,1803.987,64122,2762,-0.791303533268912,-0.178105825350202,-0.708927771374935,-0.155065414483776,-0.235385713605391,-0.237966651574339
"2","Europe","Albania","2021-05-19",0,104.871,0.795,11803.431,132095,2438,-0.30320972068207,-0.15435052132661,0.519030164799145,-0.155065414483776,-0.214571985134668,-0.24328436248809
"3","Africa","Algeria","2021-05-19",0,17.348,0.748,13913.839,125896,3395,-0.200196284451638,-0.195563141478781,0.315811773953435,-0.155065414483776,-0.216470155037277,-0.227577420066919
"4","Europe","Andorra","2021-05-19",0,163.755,0.868,0,13569,127,-0.87935991847264,-0.126623364750162,0.834667239942483,-0.155065414483776,-0.250865336623066,-0.281214084468576
"5","Africa","Angola","2021-05-19",0,23.89,0.581,5819.495,31438,696,-0.595298174451666,-0.19248266022202,-0.406262082881324,-0.155065414483776,-0.245393744755069,-0.271875264993502
"6","North America","Antigua and Barbuda","2021-05-19",0,231.845,0.778,21490.943,1252,42,0.169658037421359,-0.0945613089915459,0.445525640450697,-0.155065414483776,-0.254636873756544,-0.282609162949036
"7","South America","Argentina","2021-05-19",10383925,16.177,0.845,18933.907,3411160,72265,0.0448437527309497,-0.196114539147944,0.735219942294582,0.105545318165425,0.789496814945521,0.902764402865193
"8","Asia","Armenia","2021-05-19",0,102.931,0.776,8787.58,221368,4357,-0.450419726836796,-0.155264023869886,0.436878049350879,-0.155065414483776,-0.187236072614008,-0.211788414205721
"9","North America","Aruba","2021-05-19",96007,584.8,0,35973.781,0,0,0.876595704805426,0.0716372941848711,-2.9183872973783,-0.152655877183627,-0.255020243448118,-0.283298495845263
"10","Oceania","Australia","2021-05-19",0,3.202,0.944,44648.71,29995,910,1.30003716510364,-0.202224176003107,1.16327570173555,-0.155065414483776,-0.245835599759016,-0.268362949760346
"11","Europe","Austria","2021-05-19",0,106.749,0.922,45436.686,639054,10508,1.33849992463976,-0.15346621319451,1.06815219963755,-0.155065414483776,-0.0593381868355027,-0.110833970284487
"12","Asia","Azerbaijan","2021-05-19",1863292,119.309,0.756,15847.419,331040,4814,-0.105814193393209,-0.147551990543192,0.350402138352705,-0.10830141211864,-0.153653867490781,-0.204287815787252
"13","North America","Bahamas","2021-05-19",0,39.497,0.814,27717.847,11321,221,0.473606268340225,-0.185133673524638,0.601182280247411,-0.155065414483776,-0.251553687315285,-0.279671291796069
"14","Asia","Bahrain","2021-05-19",1519373,1935.907,0.852,43290.705,206878,773,1.23375009574638,0.707843315184373,0.765486511143943,-0.116932925015929,-0.191672995002909,-0.270611488017086
"15","Asia","Bangladesh","2021-05-19",0,1265.036,0.632,3523.984,783737,12248,-0.707346875941972,0.391945189044877,-0.185748509835978,-0.155065414483776,-0.015035409610287,-0.0822758931550855
"16","North America","Barbados","2021-05-19",0,664.463,0.814,16978.068,3975,47,-0.0506248467547854,0.109148816403972,0.601182280247411,-0.155065414483776,-0.253803075297953,-0.282527099509009
"17","Europe","Belarus","2021-05-19",0,46.858,0.823,17167.967,380089,2732,-0.0413554786862779,-0.181667543513782,0.64009644019659,-0.155065414483776,-0.138634778032312,-0.238459032214501
"18","Europe","Belgium","2021-05-19",0,375.564,0.931,42658.576,1038514,24768,1.20289455481263,-0.0268872512507249,1.10706635958673,-0.155065414483776,0.0629787915958588,0.123210960672561
"19","North America","Belize","2021-05-19",0,16.426,0.716,7824.362,12753,323,-0.497436415561917,-0.195997290625637,0.177450316356355,-0.155065414483776,-0.251115200575402,-0.277997197619517
"20","Africa","Benin","2021-05-19",0,99.11,0.545,2064.236,8025,101,-0.778600234302299,-0.157063247178062,-0.561918722678038,-0.155065414483776,-0.252562941710994,-0.281640814356717
"21","Asia","Bhutan","2021-05-19",482214,21.188,0.654,8708.597,1322,1,-0.454275052552861,-0.193754971496212,-0.090625007737986,-0.142963040493816,-0.254615439348868,-0.283282083157257
"22","South America","Bolivia","2021-05-19",0,10.202,0.718,6885.829,337441,13635,-0.543248177716749,-0.198928032805717,0.186097907456173,-0.155065414483776,-0.151693844011736,-0.0595114948915914
"23","Europe","Bosnia and Herzegovina","2021-05-19",0,68.496,0.78,11713.895,202847,9086,-0.307580160438898,-0.171478694013049,0.454173231550514,-0.155065414483776,-0.192907310679214,-0.13417281262817
"24","Africa","Botswana","2021-05-19",0,4.044,0.735,15807.374,50800,774,-0.10776887374594,-0.201827697064221,0.259602431804621,-0.155065414483776,-0.239464987591929,-0.270595075329081
"25","South America","Brazil","2021-05-19",55098913,25.04,0.765,14103.452,15812055,441691,-0.190940876642361,-0.191941150982448,0.389316298301883,1.22778048291096,4.58672308602292,6.96603808194924
"26","Asia","Brunei","2021-05-19",0,81.347,0.838,71809.251,235,3,2.62580007838274,-0.16542744598024,0.70495337344522,-0.155065414483776,-0.254948285079492,-0.283249257781246
"27","Europe","Bulgaria","2021-05-19",1191397,65.18,0.816,18563.307,415687,17416,0.0267539902456873,-0.173040124133413,0.609829871347228,-0.12516430820209,-0.12773446311167,0.00254487845683777
"28","Africa","Burkina Faso","2021-05-19",0,70.151,0.452,1703.102,13407,165,-0.796227941494292,-0.170699391585666,-0.96403170881955,-0.155065414483776,-0.250914941966545,-0.280590402324371
"29","Africa","Burundi","2021-05-19",0,423.062,0.433,702.225,4382,6,-0.84508284491297,-0.00452150702363235,-1.04618382426782,-0.155065414483776,-0.25367844952761,-0.28320001971723
"30","Asia","Cambodia","2021-05-19",3503884,90.672,0.594,3645.07,23282,159,-0.701436414581231,-0.161036512363716,-0.35005274073251,-0.0671266267558396,-0.24789115945513,-0.280688878452404
"31","Africa","Cameroon","2021-05-19",0,50.885,0.563,3364.926,77429,1189,-0.715110830182072,-0.179771319420083,-0.484090402779681,-0.155065414483776,-0.231311032706212,-0.263783809806838
"32","North America","Canada","2021-05-19",19444593,4.037,0.929,44017.591,1350897,25050,1.26923092438605,-0.201830993207418,1.09841876848692,0.332945585961194,0.158632285495934,0.127839338690085
"33","Africa","Cape Verde","2021-05-19",0,135.58,0.665,6222.554,28699,253,-0.575624020167943,-0.139890341119658,-0.0430632566889899,-0.155065414483776,-0.246232442506843,-0.279146085779896
"34","North America","Cayman Islands","2021-05-19",75284,256.496,0,49903.029,0,0,1.55651148440154,-0.0829537052831359,-2.9183872973783,-0.153175973025295,-0.255020243448118,-0.283298495845263
"35","Africa","Central African Republic","2021-05-19",0,7.479,0.397,661.24,7010,96,-0.8470834086352,-0.200210232509501,-1.20184046406453,-0.155065414483776,-0.252873740622293,-0.281722877796744
"36","Africa","Chad","2021-05-19",0,11.833,0.398,1768.153,4914,173,-0.79305266588871,-0.198160031440725,-1.19751666851462,-0.155065414483776,-0.253515548029273,-0.280459100820328
"37","South America","Chile","2021-05-19",0,24.282,0.851,22767.037,1300629,27997,0.231946859247773,-0.192298076202966,0.761162715594034,-0.155065414483776,0.143239931138082,0.176207530242008
"38","Asia","China","2021-05-19",449511000,147.674,0.761,15308.712,102797,4846,-0.132109610768137,-0.134195547429767,0.372021116102248,11.1265444819547,-0.223543203364483,-0.203762609771079
"39","South America","Colombia","2021-05-19",0,44.223,0.767,13254.949,3161126,82743,-0.232358085865331,-0.1829083059888,0.397963889401701,-0.155065414483776,0.712934947962326,1.07473654778581
"40","Africa","Comoros","2021-05-19",0,437.352,0.554,1413.89,3864,146,-0.810344985174507,0.00220733387504027,-0.523004562728859,-0.155065414483776,-0.253837064144411,-0.280902243396474
"41","Africa","Congo","2021-05-19",0,15.405,0.574,4881.406,11476,150,-0.641088264036224,-0.196478056654856,-0.436528651730685,-0.155065414483776,-0.251506225412574,-0.280836592644452
"42","North America","Costa Rica","2021-05-19",0,96.079,0.81,15524.995,293820,3696,-0.121552384379577,-0.158490477182532,0.583887098047776,-0.155065414483776,-0.165050848257854,-0.222637200977293
"43","Africa","Cote d'Ivoire","2021-05-19",0,76.399,0.538,3601.006,46777,298,-0.703587270744617,-0.167757348343195,-0.592185291527399,-0.155065414483776,-0.240696853621643,-0.278407514819653
"44","Europe","Croatia","2021-05-19",1450169,73.726,0.851,22669.797,351997,7792,0.227200371109437,-0.169016004166999,0.761162715594034,-0.118669773571967,-0.147236712038455,-0.155410830907162
"45","North America","Cuba","2021-05-19",740000,110.408,0.783,0,128094,834,-0.87935991847264,-0.151743272057474,0.467144618200241,-0.136493252015306,-0.215797114636255,-0.269610314048757
"46","North America","Curacao","2021-05-19",132406,362.644,0,0,0,0,-0.87935991847264,-0.0329709898379083,-2.9183872973783,-0.15174235266783,-0.255020243448118,-0.283298495845263
"47","Europe","Cyprus","2021-05-19",0,127.657,0.887,32415.132,71533,348,0.702890590994263,-0.143621104341504,0.916819355390749,-0.155065414483776,-0.233116422244166,-0.277586880419382
"48","Europe","Czechia","2021-05-19",4388483,137.176,0.9,32605.906,1655414,29948,0.71220266964608,-0.139138820470653,0.973028697539562,-0.0449253884484798,0.251877164384891,0.208228684540549
"49","Africa","Democratic Republic of Congo","2021-05-19",0,35.879,0.48,808.133,30708,776,-0.839913253533345,-0.186837308680089,-0.842965433422106,-0.155065414483776,-0.245617275006546,-0.27056224995307
"50","Europe","Denmark","2021-05-19",0,136.52,0.94,46682.515,270047,2506,1.39931144840461,-0.139447716176008,1.14598051953591,-0.155065414483776,-0.172330279310397,-0.242168299703723
"51","Africa","Djibouti","2021-05-19",0,41.285,0.524,2705.406,11468,152,-0.747303383215748,-0.184291744376504,-0.652718429226121,-0.155065414483776,-0.251508675059166,-0.280803767268441
"52","North America","Dominica","2021-05-19",0,98.567,0.742,9673.367,184,0,-0.407182607455973,-0.157318933714659,0.289869000653982,-0.155065414483776,-0.254963901576513,-0.283298495845263
"53","North America","Dominican Republic","2021-05-19",0,222.873,0.756,14600.861,279565,3597,-0.166661301175464,-0.0987860228154011,0.350402138352705,-0.155065414483776,-0.169415812278129,-0.224262057089828
"54","South America","Ecuador","2021-05-19",0,66.939,0.759,10581.936,412907,19979,-0.362833450922048,-0.172211850435668,0.363373525002431,-0.155065414483776,-0.128585715302225,0.0446105978146859
"55","Africa","Egypt","2021-05-19",0,97.999,0.707,10550.206,249238,14498,-0.364382258703098,-0.157586392191248,0.138536156407177,-0.155065414483776,-0.17870211630078,-0.0453473451429285
"56","North America","El Salvador","2021-05-19",1497261,307.811,0.673,7292.458,71479,2199,-0.523399764253123,-0.0587906212582664,-0.00847289228972005,-0.1174878813085,-0.233132957358659,-0.247206994921381
"57","Africa","Equatorial Guinea","2021-05-19",0,45.194,0.592,22604.873,7694,112,0.224031294639947,-0.182451083839562,-0.358700331832328,-0.155065414483776,-0.252664295838718,-0.281460274788658
"58","Africa","Eritrea","2021-05-19",0,44.304,0.459,1510.459,3887,14,-0.805631249952059,-0.18287016490323,-0.933765139970189,-0.155065414483776,-0.25383002141046,-0.283068718213187
"59","Europe","Estonia","2021-05-19",603161,31.033,0.892,29481.252,127757,1232,0.559681761096092,-0.189119181527882,0.938438333140292,-0.139927571123445,-0.215900305998923,-0.263078064222606
"60","Africa","Eswatini","2021-05-19",0,79.492,0.611,7738.975,18530,672,-0.501604333935714,-0.166300923927548,-0.276548216384062,-0.155065414483776,-0.249346249530496,-0.272269169505632
"61","Africa","Ethiopia","2021-05-19",1501724,104.957,0.485,1729.927,267597,4038,-0.794918557040252,-0.154310025853042,-0.821346455672562,-0.117375871090802,-0.173080483579052,-0.217024061679445
"62","Oceania","Fiji","2021-05-19",0,49.562,0.743,8702.975,178,4,-0.454549474152138,-0.18039429048439,0.294192796203891,-0.155065414483776,-0.254965738811456,-0.283232845093241
"63","Europe","Finland","2021-05-19",2468703,18.136,0.938,40585.721,90687,929,1.10171415919367,-0.195192089930274,1.13733292843609,-0.0931070993453983,-0.227251355892405,-0.268051108688243
"64","Europe","France","2021-05-19",0,122.578,0.901,38605.671,5978650,108342,1.00506377007077,-0.146012691670011,0.977352493089471,-0.155065414483776,1.57567720585509,1.49488494803612
"65","Africa","Gabon","2021-05-19",0,7.859,0.703,16562.413,24039,147,-0.0709138381897876,-0.200031299021643,0.121240974207542,-0.155065414483776,-0.247659361646407,-0.280885830708468
"66","Africa","Gambia","2021-05-19",0,207.566,0.496,1561.767,5966,175,-0.803126798970964,-0.105993746232895,-0.773784704623566,-0.155065414483776,-0.253193419502488,-0.280426275444317
"67","Asia","Georgia","2021-05-19",0,65.032,0.812,9745.079,333601,4519,-0.403682194484189,-0.173109814018157,0.592534689147594,-0.155065414483776,-0.152869674375669,-0.209129558748846
"68","Europe","Germany","2021-05-19",0,237.016,0.947,45229.245,3627777,86908,1.32837429479706,-0.0921264009238737,1.17624708838527,-0.155065414483776,0.855826201910089,1.14309539332831
"69","Africa","Ghana","2021-05-19",0,126.719,0.611,4227.63,93456,783,-0.673000440395007,-0.144062787529955,-0.276548216384062,-0.155065414483776,-0.226403471965914,-0.270447361137032
"70","Europe","Greece","2021-05-19",4615746,83.479,0.888,24574.382,383558,11587,0.320167155467219,-0.164423534937835,0.921143150940657,-0.039221651476761,-0.137572550029062,-0.0931246799266569
"71","North America","Greenland","2021-05-19",19241,0.137,0,0,0,0,-0.87935991847264,-0.203667415845964,-2.9183872973783,-0.154582513162079,-0.255020243448118,-0.283298495845263
"72","North America","Grenada","2021-05-19",0,317.132,0.779,13593.877,161,1,-0.215814300059597,-0.0544015711521412,0.449849436000606,-0.155065414483776,-0.254970944310463,-0.283282083157257
"73","North America","Guatemala","2021-05-19",0,157.834,0.663,7423.808,243833,7928,-0.516988295547135,-0.129411431017554,-0.0517108477888074,-0.155065414483776,-0.180357158779179,-0.153178705338427
"74","Africa","Guinea","2021-05-19",0,51.755,0.477,1998.926,22879,153,-0.781788152240541,-0.179361655908408,-0.855936820071832,-0.155065414483776,-0.248014560402178,-0.280787354580436
"75","Africa","Guinea-Bissau","2021-05-19",0,66.191,0.48,1548.675,3746,68,-0.803765846921469,-0.172564066880189,-0.842965433422106,-0.155065414483776,-0.253873196431636,-0.282182433060895
"76","South America","Guyana","2021-05-19",0,3.952,0.682,7435.047,15607,349,-0.516439696409057,-0.201871017803387,0.0304412676594586,-0.155065414483776,-0.250241289153875,-0.277570467731377
"77","North America","Haiti","2021-05-19",0,398.448,0.51,1653.173,13598,276,-0.798665080596091,-0.0161116882608562,-0.713251566924844,-0.155065414483776,-0.250856456654172,-0.278768593955771
"78","North America","Honduras","2021-05-19",0,82.805,0.634,4541.795,229211,6051,-0.657665388502988,-0.164740906439983,-0.177100918736161,-0.155065414483776,-0.184834500336841,-0.183985320724568
"79","Asia","Hong Kong","2021-05-19",2026556,7039.714,0.949,56054.92,0,0,1.85679817362233,3.11111170430485,1.18489467948509,-0.104203891127759,-0.255020243448118,-0.283298495845263
"80","Europe","Hungary","2021-05-19",7644400,108.043,0.854,26777.561,799588,29329,0.427708938582487,-0.152856897580592,0.77413410224376,0.0367900433188904,-0.0101817410950025,0.198069230665205
"81","Europe","Iceland","2021-05-19",220021,3.404,0.949,46482.958,6551,29,1.38957065312055,-0.202129058727982,1.18489467948509,-0.14954343372908,-0.253014289095482,-0.282822527893106
"82","Asia","India","2021-05-19",186410600,450.419,0.645,6426.674,25772440,287122,-0.565660495293438,0.00836029146936884,-0.129539167687165,4.52337775990137,7.63665098171475,4.42914530964209
"83","Asia","Indonesia","2021-05-19",0,145.725,0.718,11188.744,1753101,48669,-0.333213881051143,-0.13511328787144,0.186097907456173,-0.155065414483776,0.281789492708189,0.515490616689701
"84","Asia","Iran","2021-05-19",0,49.831,0.783,19082.62,2792204,77765,0.0521027458460896,-0.18026762441009,0.467144618200241,-0.155065414483776,0.599968882982466,0.99303418689491
"85","Asia","Iraq","2021-05-19",0,88.125,0.674,15663.986,1151557,16069,-0.114767942454081,-0.162235837609967,-0.00414909673981132,-0.155065414483776,0.09759321655159,-0.0195630122864402
"86","Europe","Ireland","2021-05-19",0,69.874,0.955,67335.293,254870,4941,2.40741681451593,-0.170829824680762,1.21083745278454,-0.155065414483776,-0.176977565100346,-0.202203404410566
"87","Europe","Isle of Man","2021-05-19",79300,147.872,0,0,0,0,-0.87935991847264,-0.13410231366504,-2.9183872973783,-0.153075181397628,-0.255020243448118,-0.283298495845263
"88","Asia","Israel","2021-05-19",10543578,402.606,0.919,33132.32,839221,6395,0.737898039934577,-0.0141537792016063,1.05518081298783,0.109552212022964,0.00195411432524015,-0.17833935605071
"89","Europe","Italy","2021-05-19",28859336,205.859,0.892,35220.084,4172525,124646,0.839806175081047,-0.106797534295458,0.938438333140292,0.569232257035372,1.02263121209015,1.76247741327621
"90","North America","Jamaica","2021-05-19",0,266.879,0.734,8193.571,47572,892,-0.479414550701093,-0.0780645831662067,0.255278636254712,-0.155065414483776,-0.24045341999161,-0.268658378144443
"91","Asia","Japan","2021-05-19",7577142,347.778,0.919,39002.223,699931,11900,1.02442030405096,-0.0399710562339662,1.05518081298783,0.0351020345306413,-0.0406972948914632,-0.0879875085809658
"92","Asia","Jordan","2021-05-19",0,109.285,0.729,8337.49,726432,9295,-0.472389562770395,-0.152272067601855,0.233659658505169,-0.155065414483776,-0.0325825343512101,-0.130742560835041
"93","Asia","Kazakhstan","2021-05-19",2700694,6.681,0.825,24055.588,420863,3409,0.294843733344231,-0.200585992834004,0.648744031296407,-0.087284701314016,-0.126149541766953,-0.227347642434844
"94","Africa","Kenya","2021-05-19",945597,87.324,0.601,2993.028,166382,3035,-0.733263950766918,-0.162613010567268,-0.319786171883149,-0.131333277843644,-0.204073106049212,-0.233485987748864
"95","Europe","Kosovo","2021-05-19",0,168.155,0,9795.834,106657,2240,-0.401204736591745,-0.124551503311802,-2.9183872973783,-0.155065414483776,-0.222361248884072,-0.24653407471316
"96","Asia","Kuwait","2021-05-19",0,232.128,0.806,65530.537,294693,1703,2.31932289281098,-0.0944280506308514,0.566591915848141,-0.155065414483776,-0.164783530573554,-0.255347688172061
"97","Asia","Kyrgyzstan","2021-05-19",0,32.333,0.697,3393.474,101219,1725,-0.713717342487983,-0.188507040648367,0.0952982009080891,-0.155065414483776,-0.224026396154662,-0.254986609035942
"98","Asia","Laos","2021-05-19",0,29.715,0.613,6397.36,1737,2,-0.567091373052458,-0.189739798204191,-0.267900625284244,-0.155065414483776,-0.254488363931933,-0.283265670469252
"99","Europe","Latvia","2021-05-19",552553,31.212,0.866,25063.846,129297,2298,0.344058918837663,-0.189034894437549,0.826019648842665,-0.141197706256154,-0.215428749030054,-0.245582138808846
"100","Asia","Lebanon","2021-05-19",631679,594.561,0.744,13367.565,537043,7651,-0.226861062951029,0.0762335304348322,0.2985165917538,-0.139211840137937,-0.0905745491415198,-0.157725019915924
"101","Africa","Lesotho","2021-05-19",0,73.562,0.527,2851.153,10806,320,-0.740189166775004,-0.169093228093337,-0.639747042576395,-0.155065414483776,-0.251711383314614,-0.278046435683534
"102","Africa","Liberia","2021-05-19",0,49.127,0.48,752.788,2142,85,-0.842614758942808,-0.180599122240228,-0.842965433422106,-0.155065414483776,-0.254364350573237,-0.281903417364803
"103","Africa","Libya","2021-05-19",0,3.623,0.724,17881.509,182350,3097,-0.00652599864510361,-0.202025936533664,0.212040680755625,-0.155065414483776,-0.199183611452527,-0.232468401092529
"104","Europe","Liechtenstein","2021-05-19",0,237.012,0.919,0,2993,58,-0.87935991847264,-0.0921282844342722,1.05518081298783,-0.155065414483776,-0.254103769417063,-0.282346559940949
"105","Europe","Lithuania","2021-05-19",1383714,45.135,0.882,29524.265,267769,4136,0.56178131574741,-0.18247886561794,0.895200377641205,-0.120337629054186,-0.173027816177334,-0.215415618254915
"106","Europe","Luxembourg","2021-05-19",0,231.447,0.916,94277.965,69398,808,3.72254508542347,-0.0947487182761975,1.0422094263381,-0.155065414483776,-0.23377017167828,-0.270037043936897
"107","Asia","Macao","2021-05-19",138414,20546.766,0,104861.851,0,0,4.23916673655972,9.47127992810457,-2.9183872973783,-0.151591566786599,-0.255020243448118,-0.283298495845263
"108","Africa","Madagascar","2021-05-19",0,43.951,0.528,1416.44,40385,777,-0.810220514331719,-0.183036384695898,-0.635423247026486,-0.155065414483776,-0.242654121248272,-0.270545837265064
"109","Africa","Malawi","2021-05-19",0,197.519,0.483,1095.042,34238,1153,-0.825908624108401,-0.110724653476349,-0.82999404677238,-0.155065414483776,-0.244536368448035,-0.264374666575033
"110","Asia","Malaysia","2021-05-19",2303580,96.254,0.81,26808.164,485496,2040,0.429202735132235,-0.158408073602597,0.583887098047776,-0.0972512766201026,-0.106358540748192,-0.24981661231424
"111","Asia","Maldives","2021-05-19",0,1454.433,0.74,15183.616,48608,112,-0.138215808630674,0.481127993781469,0.281221409554165,-0.155065414483776,-0.240136190758007,-0.281460274788658
"112","Africa","Mali","2021-05-19",0,15.196,0.434,2014.306,14221,512,-0.781037422216193,-0.196576470073178,-1.04186002871791,-0.155065414483776,-0.250665690425857,-0.274895199586496
"113","Europe","Malta","2021-05-19",0,1454.037,0.895,36513.323,30489,417,0.902931880279855,0.480941526252016,0.951409719790019,-0.155065414483776,-0.245684334081989,-0.27645440494701
"114","Oceania","Marshall Islands","2021-05-19",0,295.15,0.704,3819.202,4,0,-0.692936666817918,-0.0647524025471463,0.12556476975745,-0.155065414483776,-0.255019018624822,-0.283298495845263
"115","Africa","Mauritania","2021-05-19",0,4.289,0.546,3597.633,18957,457,-0.703751913941764,-0.201712332052312,-0.557594927128129,-0.155065414483776,-0.249215499643674,-0.275797897426793
"116","Africa","Mauritius","2021-05-19",0,622.962,0.804,20292.745,1288,17,0.111171482563516,0.0896069251418442,0.557944324748324,-0.155065414483776,-0.254625850346882,-0.283019480149171
"117","North America","Mexico","2021-05-19",0,66.444,0.779,17336.469,2387512,220850,-0.0331305430190039,-0.172444934847484,0.449849436000606,-0.155065414483776,0.476049835680247,3.34144365014801
"118","Oceania","Micronesia (country)","2021-05-19",0,150.777,0.62,3299.464,1,0,-0.718306167558786,-0.132734414238123,-0.237634056434883,-0.155065414483776,-0.255019937242294,-0.283298495845263
"119","Europe","Moldova","2021-05-19",264380,123.655,0.75,5189.972,254213,6053,-0.626026511065292,-0.145505556495212,0.324459365053252,-0.148430132979163,-0.177178742326675,-0.183952495348558
"120","Europe","Monaco","2021-05-19",0,19347.5,0,0,2497,32,-0.87935991847264,8.90657243271006,-2.9183872973783,-0.155065414483776,-0.254255647505738,-0.28277328982909
"121","Asia","Mongolia","2021-05-19",2495668,1.98,0.737,11840.846,50618,235,-0.301383416139744,-0.202799588429851,0.268250022904439,-0.0924303448035573,-0.239520717051886,-0.279441514163993
"122","Europe","Montenegro","2021-05-19",148255,46.28,0.829,16409.288,99031,1566,-0.0783881902689992,-0.181939710766367,0.666039213496042,-0.151344582123286,-0.224696374497444,-0.257596226428801
"123","Africa","Morocco","2021-05-19",11703585,80.08,0.686,7485.013,515758,9106,-0.514000751259735,-0.166024047898967,0.0477364498590935,0.138665507250751,-0.0970921401040981,-0.133844558868062
"124","Africa","Mozambique","2021-05-19",0,37.728,0.456,1136.103,70509,828,-0.823904350666935,-0.185966655998378,-0.946736526619915,-0.155065414483776,-0.233429977007881,-0.269708790176789
"125","Asia","Myanmar","2021-05-19",0,81.721,0.583,5591.597,143159,3216,-0.606422353326103,-0.165251337757979,-0.397614491781506,-0.155065414483776,-0.211184123898588,-0.230515291219886
"126","Africa","Namibia","2021-05-19",60539,3.078,0.646,9541.808,51827,739,-0.41360427788986,-0.202282564825461,-0.125215372137256,-0.153546035911237,-0.239150514210742,-0.27116951940927
"127","Asia","Nepal","2021-05-19",0,204.43,0.602,2442.804,480418,5657,-0.760121537042393,-0.107470418385326,-0.31546237633324,-0.155065414483776,-0.107913453922163,-0.190451919798697
"128","Europe","Netherlands","2021-05-19",7600981,508.544,0.944,48472.545,1637940,17758,1.48668656319547,0.0357300519476996,1.16327570173555,0.0357003342348114,0.246526523817351,0.00815801775468563
"129","Oceania","New Zealand","2021-05-19",0,18.206,0.931,36085.843,2659,26,0.882065685818981,-0.1951591284983,1.10706635958673,-0.155065414483776,-0.25420604216226,-0.282871765957122
"130","North America","Nicaragua","2021-05-19",0,51.667,0.66,5321.444,7193,185,-0.619609087283688,-0.179403093137175,-0.0646822344385336,-0.155065414483776,-0.252817704956512,-0.280262148564263
"131","Africa","Niger","2021-05-19",0,16.955,0.394,926,5356,192,-0.834159918307089,-0.195748196375434,-1.21481185071426,-0.155065414483776,-0.253380205055091,-0.280147259748225
"132","Africa","Nigeria","2021-05-19",0,209.588,0.539,5338.454,165852,2067,-0.618778793544146,-0.105041631726448,-0.58786149597749,-0.155065414483776,-0.204235395135901,-0.249373469738094
"133","Europe","North Macedonia","2021-05-19",219977,82.6,0.774,13111.214,154891,5249,-0.23937409237051,-0.164837436347907,0.428230458251062,-0.149544538019821,-0.207591717172115,-0.197148296504902
"134","Asia","Northern Cyprus","2021-05-19",125248,0,0,0,0,0,-0.87935991847264,-0.203731926077113,-2.9183872973783,-0.151922000693437,-0.255020243448118,-0.283298495845263
"135","Europe","Norway","2021-05-19",0,14.462,0.957,64800.057,120292,781,2.28366663350112,-0.196922094231305,1.21948504388436,-0.155065414483776,-0.21818613247464,-0.270480186513043
"136","Asia","Oman","2021-05-19",0,14.98,0.813,37960.709,207805,2228,0.973581823519182,-0.196678179634698,0.596858484697502,-0.155065414483776,-0.191389142204116,-0.246731026969225
"137","Asia","Pakistan","2021-05-19",0,255.573,0.557,5034.708,890391,19987,-0.63360527221616,-0.0833883253075918,-0.510033176079133,-0.155065414483776,0.017622666336287,0.0447418993187291
"138","Asia","Palestine","2021-05-19",472617,778.202,0.708,4449.898,304532,3448,-0.662151073616609,0.16270596370797,0.142859951957085,-0.143203901363018,-0.161770771471801,-0.226707547602633
"139","North America","Panama","2021-05-19",863325,55.133,0.815,22267.037,372221,6305,0.207540811642184,-0.177771031376867,0.60550607579732,-0.133398100749868,-0.141044005455078,-0.179816497971196
"140","Oceania","Papua New Guinea","2021-05-19",0,18.22,0.555,3823.194,14639,141,-0.692741808933835,-0.195152536211906,-0.518680767178951,-0.155065414483776,-0.25053769639145,-0.280984306836501
"141","South America","Paraguay","2021-05-19",0,17.144,0.728,8827.01,321032,7914,-0.44849506592262,-0.195659200509105,0.22933586295526,-0.155065414483776,-0.156718375376779,-0.153408482970503
"142","South America","Peru","2021-05-19",0,25.129,0.777,12236.706,1903615,67034,-0.282060660129447,-0.191899242876081,0.441201844900788,-0.155065414483776,0.327877756092803,0.816909631908929
"143","Asia","Philippines","2021-05-19",0,351.873,0.718,7599.188,1159071,19507,-0.508427630288999,-0.0380428124634928,0.186097907456173,-0.155065414483776,0.0998940471126806,0.0368638090761357
"144","Europe","Poland","2021-05-19",0,124.027,0.88,27216.445,2859261,72250,0.44913178617715,-0.145330390028151,0.886552786541387,-0.155065414483776,0.62050212691846,0.902518212545112
"145","Europe","Portugal","2021-05-19",4809225,112.371,0.864,27936.896,843278,17013,0.484298508984138,-0.150818939329406,0.817372057742848,-0.0343658090142784,0.00319639135296767,-0.00406943480933968
"146","Asia","Qatar","2021-05-19",2150749,227.322,0.848,116935.6,214150,538,4.82851172230359,-0.0966910883746597,0.748191328944308,-0.101086955217696,-0.189446266251212,-0.274468469698356
"147","Europe","Romania","2021-05-19",0,85.129,0.828,23313.199,1073679,29716,0.2586061707925,-0.16364658689845,0.661715417946133,-0.155065414483776,0.0737465193947343,0.204420940923296
"148","Europe","Russia","2021-05-19",24862902,8.823,0.824,24765.954,4908794,115003,0.329518186171015,-0.199577373015602,0.644420235746498,0.468931687383321,1.24808106787716,1.60420986284011
"149","Africa","Rwanda","2021-05-19",0,494.869,0.543,1854.211,26424,348,-0.788851994599026,0.0292908007727977,-0.570566313777855,-0.155065414483776,-0.246929060756308,-0.277586880419382
"150","North America","Saint Kitts and Nevis","2021-05-19",0,212.865,0.779,24654.385,45,0,0.324072269520399,-0.10349856583247,0.449849436000606,-0.155065414483776,-0.255006464186041,-0.283298495845263
"151","North America","Saint Lucia","2021-05-19",44206,293.187,0.759,12951.839,4906,77,-0.247153520044791,-0.0656767352752144,0.363373525002431,-0.153955953653937,-0.253517997675865,-0.282034718868847
"152","North America","Saint Vincent and the Grenadines","2021-05-19",0,281.787,0.738,10727.146,1949,12,-0.355745446576433,-0.0710447399109645,0.272573818454347,-0.155065414483776,-0.254423448297257,-0.283101543589198
"153","Oceania","Samoa","2021-05-19",0,69.413,0.715,6021.557,3,0,-0.585435104869104,-0.171046899254191,0.173126520806446,-0.155065414483776,-0.255019324830646,-0.283298495845263
"154","Europe","San Marino","2021-05-19",0,556.667,0,56861.47,5087,90,1.8961675690149,0.0583900946745592,-2.9183872973783,-0.155065414483776,-0.253462574421731,-0.281821353924776
"155","Africa","Sao Tome and Principe","2021-05-19",0,212.841,0.625,3052.714,2333,35,-0.730350552052144,-0.103509866894861,-0.216015078685339,-0.155065414483776,-0.254305865260864,-0.282724051765074
"156","Asia","Saudi Arabia","2021-05-19",12225726,15.322,0.854,49045.411,436239,7201,1.51464935293072,-0.196517139495625,0.77413410224376,0.151769949795953,-0.121441321018041,-0.165110729518355
"157","Africa","Senegal","2021-05-19",434588,82.328,0.512,2470.58,40925,1128,-0.758765732285808,-0.164965515055005,-0.704603975825026,-0.14415833483128,-0.242488770103344,-0.264784983775168
"158","Europe","Serbia","2021-05-19",4184634,80.291,0.806,14048.881,708328,6725,-0.19360460149013,-0.165924692725446,0.566591915848141,-0.0500414921606895,-0.038126084587833,-0.172923169008927
"159","Africa","Seychelles","2021-05-19",0,208.354,0.796,26382.287,9764,35,0.408414786459984,-0.105622694684388,0.523353960349054,-0.155065414483776,-0.252030449783161,-0.282724051765074
"160","Africa","Sierra Leone","2021-05-19",0,104.7,0.452,1390.3,4107,79,-0.811496462500539,-0.154431041396146,-0.96403170881955,-0.155065414483776,-0.253762656129193,-0.282001893492836
"161","Asia","Singapore","2021-05-19",0,7915.731,0.938,85535.383,61689,31,3.29580134044794,3.52360848649747,1.13733292843609,-0.155065414483776,-0.236130712375039,-0.282789702517095
"162","Europe","Slovakia","2021-05-19",2185568,113.128,0.86,30155.152,388138,12262,0.592576232058905,-0.150462484986488,0.800076875543213,-0.10021308477852,-0.136170127355413,-0.0820461155230098
"163","Europe","Slovenia","2021-05-19",893198,102.619,0.917,31400.84,250453,4338,0.653380873318327,-0.15541093768097,1.04653322188801,-0.132648362629029,-0.178330076224692,-0.212100255277824
"164","Oceania","Solomon Islands","2021-05-19",0,21.841,0.567,2205.923,20,0,-0.771684194968112,-0.193447488423656,-0.466795220580046,-0.155065414483776,-0.255014119331639,-0.283298495845263
"165","Africa","Somalia","2021-05-19",0,23.5,0,0,14575,762,-0.87935991847264,-0.192666302485874,-2.9183872973783,-0.155065414483776,-0.250557293564182,-0.270792027585146
"166","Africa","South Africa","2021-05-19",558170,46.754,0.709,12294.876,1621362,55507,-0.279221260551012,-0.181716514784143,0.147183747506994,-0.141056733504011,0.241450243668062,0.627720577270647
"167","Asia","South Korea","2021-05-19",5034150,527.967,0.916,35938.374,134117,1916,0.874867414950284,0.0448759075652587,1.0422094263381,-0.0287207500369532,-0.21395283695866,-0.25185178562691
"168","Africa","South Sudan","2021-05-19",0,0,0.433,1569.888,10652,115,-0.802730395945754,-0.203731926077113,-1.04618382426782,-0.155065414483776,-0.251758539011501,-0.281411036724641
"169","Europe","Spain","2021-05-19",0,93.105,0.904,34272.36,3625928,79568,0.793545780959129,-0.159890867163823,0.990323879739197,-0.155065414483776,0.855260027341622,1.02262626336865
"170","Asia","Sri Lanka","2021-05-19",1683203,341.955,0.782,11669.077,151343,1051,-0.309767820922073,-0.0427129764965954,0.462820822650332,-0.112821198830511,-0.208678135435457,-0.266048760751584
"171","Africa","Sudan","2021-05-19",0,23.258,0.51,4466.507,34889,2446,-0.661340353527247,-0.192780254864984,-0.713251566924844,-0.155065414483776,-0.24433702845665,-0.243153060984047
"172","South America","Suriname","2021-05-19",57362,3.612,0.738,13767.119,12409,239,-0.207357995061022,-0.20203111618726,0.272573818454347,-0.153625770722268,-0.251220535378837,-0.279375863411971
"173","Europe","Sweden","2021-05-19",4362100,24.718,0.945,46949.283,1051762,14349,1.4123329534199,-0.192092773569528,1.16759949728545,-0.0455875362355145,0.0670354063514255,-0.0477928356557335
"174","Europe","Switzerland","2021-05-19",0,214.243,0.955,57410.166,684954,10756,1.92295057040889,-0.102849696500184,1.21083745278454,-0.155065414483776,-0.0452833395166235,-0.106763623659147
"175","Asia","Syria","2021-05-19",0,0,0.567,0,23884,1714,-0.87935991847264,-0.203731926077113,-0.466795220580046,-0.155065414483776,-0.247706823549118,-0.255167148604002
"176","Asia","Taiwan","2021-05-19",264589,0,0,0,2533,14,-0.87935991847264,-0.203731926077113,-2.9183872973783,-0.148424887598141,-0.254244624096076,-0.283068718213187
"177","Asia","Tajikistan","2021-05-19",0,64.281,0.668,2896.913,13308,90,-0.737955525298141,-0.173463443095477,-0.0300918700392637,-0.155065414483776,-0.250945256343115,-0.281821353924776
"178","Africa","Tanzania","2021-05-19",0,64.699,0.529,2683.304,509,21,-0.748382228144105,-0.173266616258833,-0.631099451476578,-0.155065414483776,-0.254864384683732,-0.282953829397149
"179","Asia","Thailand","2021-05-19",2540116,135.132,0.777,16277.671,116949,678,-0.0848126918044088,-0.140101294284291,0.441201844900788,-0.0913148103746404,-0.219209778544074,-0.272170693377599
"180","Asia","Timor","2021-05-19",0,87.176,0.606,6570.102,4949,11,-0.558659474101489,-0.162682700452013,-0.298167194133605,-0.155065414483776,-0.253504830825435,-0.283117956277203
"181","Africa","Togo","2021-05-19",0,143.366,0.515,1429.813,13299,125,-0.80956775018246,-0.136224088128961,-0.6916325891753,-0.155065414483776,-0.25094801219553,-0.281246909844587
"182","North America","Trinidad and Tobago","2021-05-19",62985,266.886,0.796,28763.071,17669,331,0.524625841745233,-0.0780612870230093,0.523353960349054,-0.153484647385024,-0.249609892744909,-0.277865896115474
"183","Africa","Tunisia","2021-05-19",0,74.228,0.74,10849.297,329925,12032,-0.349783000334292,-0.168779623611986,0.281221409554165,-0.155065414483776,-0.153995286984475,-0.0858210337642525
"184","Asia","Turkey","2021-05-19",26821460,104.914,0.82,25129.341,5151038,45419,0.347255867013519,-0.154330273589826,0.627125053546863,0.518086629788621,1.32225759149186,0.462149380672141
"185","Africa","Uganda","2021-05-19",0,213.759,0.544,1697.707,43094,350,-0.796491282747956,-0.103077601258403,-0.566242518227947,-0.155065414483776,-0.241824609671216,-0.277554055043372
"186","Europe","Ukraine","2021-05-19",1012815,77.39,0.779,7894.393,2222115,50658,-0.494018055722183,-0.167290708641965,0.449849436000606,-0.129646272956069,0.425404311017923,0.548135453132448
"187","Asia","United Arab Emirates","2021-05-19",11704191,112.442,0.89,67293.483,550029,1639,2.40537598081515,-0.150785507019832,0.929790742040475,0.138680716345962,-0.0865981603118256,-0.256398100204407
"188","Europe","United Kingdom","2021-05-19",0,272.898,0.932,39753.244,4468366,127956,1.06107921260855,-0.0752303708940506,1.11139015513664,-0.155065414483776,1.1132194492506,1.8168034105741
"189","North America","United States","2021-05-19",277290173,35.608,0.926,54225.446,33026624,587874,1.76749771454795,-0.186964916509588,1.08544738183719,6.8042293745246,9.85792437045236,9.36529405264308
"190","South America","Uruguay","2021-05-19",2444899,19.751,0.817,20551.409,249365,3638,0.123797414359221,-0.194431622606876,0.614153666897137,-0.0937045206364786,-0.178663228161139,-0.223589136881606
"191","Asia","Uzbekistan","2021-05-19",0,76.134,0.72,6253.104,97280,674,-0.574132810659242,-0.167882130907096,0.19474549855599,-0.155065414483776,-0.225232540895164,-0.272236344129621
"192","Oceania","Vanuatu","2021-05-19",0,22.662,0.609,2921.909,4,1,-0.736735418166242,-0.193060897914362,-0.285195807483879,-0.155065414483776,-0.255019018624822,-0.283282083157257
"193","Europe","Vatican","2021-05-19",0,0,0,0,27,0,-0.87935991847264,-0.203731926077113,-2.9183872973783,-0.155065414483776,-0.255011975890871,-0.283298495845263
"194","South America","Venezuela","2021-05-19",316000,36.253,0.711,16745.022,218814,2446,-0.0620003102953695,-0.186661200457828,0.155831338606811,-0.147134599159403,-0.188018122288352,-0.243153060984047
"195","Asia","Vietnam","2021-05-19",0,308.127,0.704,6171.884,4720,37,-0.578097329032294,-0.0586418239367841,0.12556476975745,-0.155065414483776,-0.253574951959118,-0.282691226389063
"196","Asia","Yemen","2021-05-19",0,53.508,0.47,1479.147,6593,1298,-0.807159654277312,-0.178536207476261,-0.886203388921193,-0.155065414483776,-0.253001428450877,-0.261994826814249
"197","Africa","Zambia","2021-05-19",0,22.995,0.584,3689.251,92630,1263,-0.699279847402706,-0.192904095673686,-0.393290696231598,-0.155065414483776,-0.226656397976489,-0.262569270894439
"198","Africa","Zimbabwe","2021-05-19",844684,42.729,0.571,1899.775,38612,1583,-0.786627920292824,-0.183611797122643,-0.449500038380411,-0.133865943561456,-0.243197024174119,-0.25731721073271
